date,product_id,product_name,category,city,state,quantity,unit_price,discount_pct,revenue,profit
2023-01-01,P001,Laptop Pro X1,Electronics,Bangalore,Karnataka,8,74999.0,0,599992.0,183992.0
2023-01-01,P002,Smart Watch S3,Wearables,Hyderabad,Telangana,9,24999.0,0,224991.0,89991.0
2023-01-01,P003,Wireless Earbuds,Audio,Chennai,Tamil Nadu,8,4999.0,0,39992.0,19992.0
2023-01-01,P004,USB-C Hub 7-in-1,Accessories,Bangalore,Karnataka,9,1699.15,15,15292.35,8092.35
2023-01-01,P005,Mechanical Keyboard,Peripherals,Bangalore,Karnataka,9,8099.1,10,72891.9,32391.9
2023-01-01,P006,Monitor 27inch 4K,Electronics,Ahmedabad,Gujarat,8,34999.0,0,279992.0,87992.0
2023-01-01,P007,Gaming Mouse RGB,Peripherals,Mumbai,Maharashtra,15,2999.0,0,44985.0,26985.0
2023-01-01,P008,Laptop Stand Aluminum,Accessories,Chennai,Tamil Nadu,5,1499.0,0,7495.0,4495.0
2023-01-02,P001,Laptop Pro X1,Electronics,Mumbai,Maharashtra,8,67499.1,10,539992.8,123992.8
2023-01-02,P002,Smart Watch S3,Wearables,Chennai,Tamil Nadu,6,21249.15,15,127494.9,37494.9
2023-01-02,P003,Wireless Earbuds,Audio,Ahmedabad,Gujarat,6,4999.0,0,29994.0,14994.0
2023-01-02,P004,USB-C Hub 7-in-1,Accessories,Kolkata,West Bengal,12,1799.1,10,21589.2,11989.2
2023-01-02,P005,Mechanical Keyboard,Peripherals,Hyderabad,Telangana,2,8999.0,0,17998.0,8998.0
2023-01-02,P006,Monitor 27inch 4K,Electronics,Delhi,Delhi,8,29749.15,15,237993.2,45993.2
2023-01-02,P007,Gaming Mouse RGB,Peripherals,Ahmedabad,Gujarat,12,2999.0,0,35988.0,21588.0
2023-01-02,P008,Laptop Stand Aluminum,Accessories,Hyderabad,Telangana,5,1499.0,0,7495.0,4495.0
2023-01-03,P001,Laptop Pro X1,Electronics,Chennai,Tamil Nadu,7,74999.0,0,524993.0,160993.0
2023-01-03,P002,Smart Watch S3,Wearables,Bangalore,Karnataka,8,24999.0,0,199992.0,79992.0
2023-01-03,P003,Wireless Earbuds,Audio,Ahmedabad,Gujarat,6,4999.0,0,29994.0,14994.0
2023-01-03,P004,USB-C Hub 7-in-1,Accessories,Pune,Maharashtra,11,1999.0,0,21989.0,13189.0
2023-01-03,P005,Mechanical Keyboard,Peripherals,Hyderabad,Telangana,6,8999.0,0,53994.0,26994.0
2023-01-03,P006,Monitor 27inch 4K,Electronics,Kolkata,West Bengal,8,31499.1,10,251992.8,59992.8
2023-01-03,P007,Gaming Mouse RGB,Peripherals,Bangalore,Karnataka,9,2849.05,5,25641.45,14841.45
2023-01-03,P008,Laptop Stand Aluminum,Accessories,Bangalore,Karnataka,11,1349.1,10,14840.1,8240.1
2023-01-04,P001,Laptop Pro X1,Electronics,Hyderabad,Telangana,5,63749.15,15,318745.75,58745.75
2023-01-04,P002,Smart Watch S3,Wearables,Pune,Maharashtra,9,22499.1,10,202491.9,67491.9
2023-01-04,P003,Wireless Earbuds,Audio,Chennai,Tamil Nadu,8,4249.15,15,33993.2,13993.2
2023-01-04,P004,USB-C Hub 7-in-1,Accessories,Bangalore,Karnataka,9,1999.0,0,17991.0,10791.0
2023-01-04,P005,Mechanical Keyboard,Peripherals,Chennai,Tamil Nadu,8,8999.0,0,71992.0,35992.0
2023-01-04,P006,Monitor 27inch 4K,Electronics,Bangalore,Karnataka,12,34999.0,0,419988.0,131988.0
2023-01-04,P007,Gaming Mouse RGB,Peripherals,Bangalore,Karnataka,15,2849.05,5,42735.75,24735.75
2023-01-04,P008,Laptop Stand Aluminum,Accessories,Hyderabad,Telangana,9,1424.05,5,12816.45,7416.45
2023-01-05,P001,Laptop Pro X1,Electronics,Pune,Maharashtra,5,74999.0,0,374995.0,114995.0
2023-01-05,P002,Smart Watch S3,Wearables,Pune,Maharashtra,7,24999.0,0,174993.0,69993.0
2023-01-05,P003,Wireless Earbuds,Audio,Chennai,Tamil Nadu,9,4249.15,15,38242.35,15742.35
2023-01-05,P004,USB-C Hub 7-in-1,Accessories,Hyderabad,Telangana,6,1699.15,15,10194.9,5394.9
2023-01-05,P005,Mechanical Keyboard,Peripherals,Bangalore,Karnataka,9,8099.1,10,72891.9,32391.9
2023-01-05,P006,Monitor 27inch 4K,Electronics,Delhi,Delhi,5,31499.1,10,157495.5,37495.5
2023-01-05,P007,Gaming Mouse RGB,Peripherals,Chennai,Tamil Nadu,2,2999.0,0,5998.0,3598.0
2023-01-05,P008,Laptop Stand Aluminum,Accessories,Kolkata,West Bengal,8,1424.05,5,11392.4,6592.4
2023-01-06,P001,Laptop Pro X1,Electronics,Hyderabad,Telangana,8,63749.15,15,509993.2,93993.2
2023-01-06,P002,Smart Watch S3,Wearables,Chennai,Tamil Nadu,6,21249.15,15,127494.9,37494.9
2023-01-06,P003,Wireless Earbuds,Audio,Pune,Maharashtra,9,4999.0,0,44991.0,22491.0
2023-01-06,P004,USB-C Hub 7-in-1,Accessories,Chennai,Tamil Nadu,3,1999.0,0,5997.0,3597.0
2023-01-06,P005,Mechanical Keyboard,Peripherals,Pune,Maharashtra,5,8549.05,5,42745.25,20245.25
2023-01-06,P006,Monitor 27inch 4K,Electronics,Hyderabad,Telangana,13,34999.0,0,454987.0,142987.0
2023-01-06,P007,Gaming Mouse RGB,Peripherals,Chennai,Tamil Nadu,12,2699.1,10,32389.2,17989.2
2023-01-06,P008,Laptop Stand Aluminum,Accessories,Pune,Maharashtra,10,1499.0,0,14990.0,8990.0
2023-01-07,P001,Laptop Pro X1,Electronics,Kolkata,West Bengal,9,71249.05,5,641241.45,173241.45
2023-01-07,P002,Smart Watch S3,Wearables,Kolkata,West Bengal,8,24999.0,0,199992.0,79992.0
2023-01-07,P003,Wireless Earbuds,Audio,Hyderabad,Telangana,7,4999.0,0,34993.0,17493.0
2023-01-07,P004,USB-C Hub 7-in-1,Accessories,Chennai,Tamil Nadu,12,1699.15,15,20389.8,10789.8
2023-01-07,P005,Mechanical Keyboard,Peripherals,Hyderabad,Telangana,8,7649.15,15,61193.2,25193.2
2023-01-07,P006,Monitor 27inch 4K,Electronics,Ahmedabad,Gujarat,5,31499.1,10,157495.5,37495.5
2023-01-07,P007,Gaming Mouse RGB,Peripherals,Ahmedabad,Gujarat,11,2999.0,0,32989.0,19789.0
2023-01-07,P008,Laptop Stand Aluminum,Accessories,Chennai,Tamil Nadu,12,1499.0,0,17988.0,10788.0
2023-01-08,P001,Laptop Pro X1,Electronics,Kolkata,West Bengal,14,74999.0,0,1049986.0,321986.0
2023-01-08,P002,Smart Watch S3,Wearables,Mumbai,Maharashtra,11,24999.0,0,274989.0,109989.0
2023-01-08,P003,Wireless Earbuds,Audio,Delhi,Delhi,18,4249.15,15,76484.7,31484.7
2023-01-08,P004,USB-C Hub 7-in-1,Accessories,Delhi,Delhi,8,1699.15,15,13593.2,7193.2
2023-01-08,P005,Mechanical Keyboard,Peripherals,Ahmedabad,Gujarat,21,8099.1,10,170081.1,75581.1
2023-01-08,P006,Monitor 27inch 4K,Electronics,Bangalore,Karnataka,11,33249.05,5,365739.55,101739.55
2023-01-08,P007,Gaming Mouse RGB,Peripherals,Ahmedabad,Gujarat,14,2699.1,10,37787.4,20987.4
2023-01-08,P008,Laptop Stand Aluminum,Accessories,Kolkata,West Bengal,7,1349.1,10,9443.7,5243.7
2023-01-09,P001,Laptop Pro X1,Electronics,Hyderabad,Telangana,12,67499.1,10,809989.2,185989.2
2023-01-09,P002,Smart Watch S3,Wearables,Mumbai,Maharashtra,9,21249.15,15,191242.35,56242.35
2023-01-09,P003,Wireless Earbuds,Audio,Bangalore,Karnataka,4,4249.15,15,16996.6,6996.6
2023-01-09,P004,USB-C Hub 7-in-1,Accessories,Hyderabad,Telangana,7,1699.15,15,11894.05,6294.05
2023-01-09,P005,Mechanical Keyboard,Peripherals,Pune,Maharashtra,4,8999.0,0,35996.0,17996.0
2023-01-09,P006,Monitor 27inch 4K,Electronics,Hyderabad,Telangana,7,33249.05,5,232743.35,64743.35
2023-01-09,P007,Gaming Mouse RGB,Peripherals,Delhi,Delhi,7,2849.05,5,19943.35,11543.35
2023-01-09,P008,Laptop Stand Aluminum,Accessories,Mumbai,Maharashtra,7,1274.15,15,8919.05,4719.05
2023-01-10,P001,Laptop Pro X1,Electronics,Hyderabad,Telangana,8,67499.1,10,539992.8,123992.8
2023-01-10,P002,Smart Watch S3,Wearables,Delhi,Delhi,4,22499.1,10,89996.4,29996.4
2023-01-10,P003,Wireless Earbuds,Audio,Bangalore,Karnataka,8,4249.15,15,33993.2,13993.2
2023-01-10,P004,USB-C Hub 7-in-1,Accessories,Hyderabad,Telangana,8,1699.15,15,13593.2,7193.2
2023-01-10,P005,Mechanical Keyboard,Peripherals,Chennai,Tamil Nadu,6,8999.0,0,53994.0,26994.0
2023-01-10,P006,Monitor 27inch 4K,Electronics,Pune,Maharashtra,6,34999.0,0,209994.0,65994.0
2023-01-10,P007,Gaming Mouse RGB,Peripherals,Mumbai,Maharashtra,11,2699.1,10,29690.1,16490.1
2023-01-10,P008,Laptop Stand Aluminum,Accessories,Pune,Maharashtra,7,1424.05,5,9968.35,5768.35
2023-01-11,P001,Laptop Pro X1,Electronics,Mumbai,Maharashtra,6,74999.0,0,449994.0,137994.0
2023-01-11,P002,Smart Watch S3,Wearables,Pune,Maharashtra,6,24999.0,0,149994.0,59994.0
2023-01-11,P003,Wireless Earbuds,Audio,Chennai,Tamil Nadu,12,4999.0,0,59988.0,29988.0
2023-01-11,P004,USB-C Hub 7-in-1,Accessories,Chennai,Tamil Nadu,7,1799.1,10,12593.7,6993.7
2023-01-11,P005,Mechanical Keyboard,Peripherals,Bangalore,Karnataka,11,8999.0,0,98989.0,49489.0
2023-01-11,P006,Monitor 27inch 4K,Electronics,Kolkata,West Bengal,11,34999.0,0,384989.0,120989.0
2023-01-11,P007,Gaming Mouse RGB,Peripherals,Delhi,Delhi,8,2999.0,0,23992.0,14392.0
2023-01-11,P008,Laptop Stand Aluminum,Accessories,Kolkata,West Bengal,7,1349.1,10,9443.7,5243.7
2023-01-12,P001,Laptop Pro X1,Electronics,Delhi,Delhi,9,74999.0,0,674991.0,206991.0
2023-01-12,P002,Smart Watch S3,Wearables,Ahmedabad,Gujarat,9,24999.0,0,224991.0,89991.0
2023-01-12,P003,Wireless Earbuds,Audio,Chennai,Tamil Nadu,10,4249.15,15,42491.5,17491.5
2023-01-12,P004,USB-C Hub 7-in-1,Accessories,Hyderabad,Telangana,13,1899.05,5,24687.65,14287.65
2023-01-12,P005,Mechanical Keyboard,Peripherals,Pune,Maharashtra,5,8549.05,5,42745.25,20245.25
2023-01-12,P006,Monitor 27inch 4K,Electronics,Kolkata,West Bengal,9,34999.0,0,314991.0,98991.0
2023-01-12,P007,Gaming Mouse RGB,Peripherals,Chennai,Tamil Nadu,8,2999.0,0,23992.0,14392.0
2023-01-12,P008,Laptop Stand Aluminum,Accessories,Bangalore,Karnataka,7,1499.0,0,10493.0,6293.0
2023-01-13,P001,Laptop Pro X1,Electronics,Mumbai,Maharashtra,6,67499.1,10,404994.6,92994.6
2023-01-13,P002,Smart Watch S3,Wearables,Chennai,Tamil Nadu,5,22499.1,10,112495.5,37495.5
2023-01-13,P003,Wireless Earbuds,Audio,Chennai,Tamil Nadu,9,4999.0,0,44991.0,22491.0
2023-01-13,P004,USB-C Hub 7-in-1,Accessories,Bangalore,Karnataka,6,1699.15,15,10194.9,5394.9
2023-01-13,P005,Mechanical Keyboard,Peripherals,Mumbai,Maharashtra,4,8999.0,0,35996.0,17996.0
2023-01-13,P006,Monitor 27inch 4K,Electronics,Bangalore,Karnataka,7,34999.0,0,244993.0,76993.0
2023-01-13,P007,Gaming Mouse RGB,Peripherals,Pune,Maharashtra,6,2999.0,0,17994.0,10794.0
2023-01-13,P008,Laptop Stand Aluminum,Accessories,Chennai,Tamil Nadu,3,1499.0,0,4497.0,2697.0
2023-01-14,P001,Laptop Pro X1,Electronics,Kolkata,West Bengal,14,74999.0,0,1049986.0,321986.0
2023-01-14,P002,Smart Watch S3,Wearables,Delhi,Delhi,15,21249.15,15,318737.25,93737.25
2023-01-14,P003,Wireless Earbuds,Audio,Kolkata,West Bengal,11,4999.0,0,54989.0,27489.0
2023-01-14,P004,USB-C Hub 7-in-1,Accessories,Kolkata,West Bengal,5,1899.05,5,9495.25,5495.25
2023-01-14,P005,Mechanical Keyboard,Peripherals,Chennai,Tamil Nadu,7,8999.0,0,62993.0,31493.0
2023-01-14,P006,Monitor 27inch 4K,Electronics,Bangalore,Karnataka,15,29749.15,15,446237.25,86237.25
2023-01-14,P007,Gaming Mouse RGB,Peripherals,Ahmedabad,Gujarat,8,2999.0,0,23992.0,14392.0
2023-01-14,P008,Laptop Stand Aluminum,Accessories,Ahmedabad,Gujarat,12,1424.05,5,17088.6,9888.6
2023-01-15,P001,Laptop Pro X1,Electronics,Kolkata,West Bengal,9,63749.15,15,573742.35,105742.35
2023-01-15,P002,Smart Watch S3,Wearables,Mumbai,Maharashtra,12,21249.15,15,254989.8,74989.8
2023-01-15,P003,Wireless Earbuds,Audio,Bangalore,Karnataka,9,4999.0,0,44991.0,22491.0
2023-01-15,P004,USB-C Hub 7-in-1,Accessories,Ahmedabad,Gujarat,16,1699.15,15,27186.4,14386.4
2023-01-15,P005,Mechanical Keyboard,Peripherals,Pune,Maharashtra,15,8999.0,0,134985.0,67485.0
2023-01-15,P006,Monitor 27inch 4K,Electronics,Chennai,Tamil Nadu,9,34999.0,0,314991.0,98991.0
2023-01-15,P007,Gaming Mouse RGB,Peripherals,Chennai,Tamil Nadu,7,2699.1,10,18893.7,10493.7
2023-01-15,P008,Laptop Stand Aluminum,Accessories,Kolkata,West Bengal,9,1499.0,0,13491.0,8091.0
2023-01-16,P001,Laptop Pro X1,Electronics,Ahmedabad,Gujarat,10,74999.0,0,749990.0,229990.0
2023-01-16,P002,Smart Watch S3,Wearables,Hyderabad,Telangana,10,23749.05,5,237490.5,87490.5
2023-01-16,P003,Wireless Earbuds,Audio,Chennai,Tamil Nadu,3,4999.0,0,14997.0,7497.0
2023-01-16,P004,USB-C Hub 7-in-1,Accessories,Kolkata,West Bengal,11,1799.1,10,19790.1,10990.1
2023-01-16,P005,Mechanical Keyboard,Peripherals,Bangalore,Karnataka,9,8999.0,0,80991.0,40491.0
2023-01-16,P006,Monitor 27inch 4K,Electronics,Mumbai,Maharashtra,9,34999.0,0,314991.0,98991.0
2023-01-16,P007,Gaming Mouse RGB,Peripherals,Chennai,Tamil Nadu,9,2999.0,0,26991.0,16191.0
2023-01-16,P008,Laptop Stand Aluminum,Accessories,Ahmedabad,Gujarat,10,1424.05,5,14240.5,8240.5
2023-01-17,P001,Laptop Pro X1,Electronics,Kolkata,West Bengal,6,74999.0,0,449994.0,137994.0
2023-01-17,P002,Smart Watch S3,Wearables,Ahmedabad,Gujarat,10,24999.0,0,249990.0,99990.0
2023-01-17,P003,Wireless Earbuds,Audio,Delhi,Delhi,14,4749.05,5,66486.7,31486.7
2023-01-17,P004,USB-C Hub 7-in-1,Accessories,Mumbai,Maharashtra,8,1899.05,5,15192.4,8792.4
2023-01-17,P005,Mechanical Keyboard,Peripherals,Hyderabad,Telangana,11,8549.05,5,94039.55,44539.55
2023-01-17,P006,Monitor 27inch 4K,Electronics,Hyderabad,Telangana,7,33249.05,5,232743.35,64743.35
2023-01-17,P007,Gaming Mouse RGB,Peripherals,Kolkata,West Bengal,5,2999.0,0,14995.0,8995.0
2023-01-17,P008,Laptop Stand Aluminum,Accessories,Chennai,Tamil Nadu,7,1499.0,0,10493.0,6293.0
2023-01-18,P001,Laptop Pro X1,Electronics,Chennai,Tamil Nadu,9,74999.0,0,674991.0,206991.0
2023-01-18,P002,Smart Watch S3,Wearables,Mumbai,Maharashtra,8,21249.15,15,169993.2,49993.2
2023-01-18,P003,Wireless Earbuds,Audio,Pune,Maharashtra,10,4999.0,0,49990.0,24990.0
2023-01-18,P004,USB-C Hub 7-in-1,Accessories,Mumbai,Maharashtra,9,1799.1,10,16191.9,8991.9
2023-01-18,P005,Mechanical Keyboard,Peripherals,Kolkata,West Bengal,9,8099.1,10,72891.9,32391.9
2023-01-18,P006,Monitor 27inch 4K,Electronics,Delhi,Delhi,5,34999.0,0,174995.0,54995.0
2023-01-18,P007,Gaming Mouse RGB,Peripherals,Bangalore,Karnataka,5,2999.0,0,14995.0,8995.0
2023-01-18,P008,Laptop Stand Aluminum,Accessories,Bangalore,Karnataka,8,1349.1,10,10792.8,5992.8
2023-01-19,P001,Laptop Pro X1,Electronics,Bangalore,Karnataka,8,63749.15,15,509993.2,93993.2
2023-01-19,P002,Smart Watch S3,Wearables,Chennai,Tamil Nadu,3,23749.05,5,71247.15,26247.15
2023-01-19,P003,Wireless Earbuds,Audio,Bangalore,Karnataka,4,4499.1,10,17996.4,7996.4
2023-01-19,P004,USB-C Hub 7-in-1,Accessories,Chennai,Tamil Nadu,8,1799.1,10,14392.8,7992.8
2023-01-19,P005,Mechanical Keyboard,Peripherals,Mumbai,Maharashtra,9,8099.1,10,72891.9,32391.9
2023-01-19,P006,Monitor 27inch 4K,Electronics,Bangalore,Karnataka,8,33249.05,5,265992.4,73992.4
2023-01-19,P007,Gaming Mouse RGB,Peripherals,Pune,Maharashtra,8,2999.0,0,23992.0,14392.0
2023-01-19,P008,Laptop Stand Aluminum,Accessories,Chennai,Tamil Nadu,9,1274.15,15,11467.35,6067.35
2023-01-20,P001,Laptop Pro X1,Electronics,Pune,Maharashtra,7,74999.0,0,524993.0,160993.0
2023-01-20,P002,Smart Watch S3,Wearables,Hyderabad,Telangana,11,23749.05,5,261239.55,96239.55
2023-01-20,P003,Wireless Earbuds,Audio,Delhi,Delhi,10,4249.15,15,42491.5,17491.5
2023-01-20,P004,USB-C Hub 7-in-1,Accessories,Hyderabad,Telangana,10,1899.05,5,18990.5,10990.5
2023-01-20,P005,Mechanical Keyboard,Peripherals,Pune,Maharashtra,9,8999.0,0,80991.0,40491.0
2023-01-20,P006,Monitor 27inch 4K,Electronics,Mumbai,Maharashtra,6,33249.05,5,199494.3,55494.3
2023-01-20,P007,Gaming Mouse RGB,Peripherals,Bangalore,Karnataka,5,2999.0,0,14995.0,8995.0
2023-01-20,P008,Laptop Stand Aluminum,Accessories,Chennai,Tamil Nadu,9,1349.1,10,12141.9,6741.9
2023-01-21,P001,Laptop Pro X1,Electronics,Hyderabad,Telangana,8,74999.0,0,599992.0,183992.0
2023-01-21,P002,Smart Watch S3,Wearables,Pune,Maharashtra,7,24999.0,0,174993.0,69993.0
2023-01-21,P003,Wireless Earbuds,Audio,Chennai,Tamil Nadu,11,4999.0,0,54989.0,27489.0
2023-01-21,P004,USB-C Hub 7-in-1,Accessories,Hyderabad,Telangana,12,1999.0,0,23988.0,14388.0
2023-01-21,P005,Mechanical Keyboard,Peripherals,Kolkata,West Bengal,16,8099.1,10,129585.6,57585.6
2023-01-21,P006,Monitor 27inch 4K,Electronics,Hyderabad,Telangana,11,31499.1,10,346490.1,82490.1
2023-01-21,P007,Gaming Mouse RGB,Peripherals,Mumbai,Maharashtra,19,2549.15,15,48433.85,25633.85
2023-01-21,P008,Laptop Stand Aluminum,Accessories,Hyderabad,Telangana,4,1274.15,15,5096.6,2696.6
2023-01-22,P001,Laptop Pro X1,Electronics,Bangalore,Karnataka,8,74999.0,0,599992.0,183992.0
2023-01-22,P002,Smart Watch S3,Wearables,Hyderabad,Telangana,11,24999.0,0,274989.0,109989.0
2023-01-22,P003,Wireless Earbuds,Audio,Bangalore,Karnataka,14,4249.15,15,59488.1,24488.1
2023-01-22,P004,USB-C Hub 7-in-1,Accessories,Delhi,Delhi,5,1999.0,0,9995.0,5995.0
2023-01-22,P005,Mechanical Keyboard,Peripherals,Hyderabad,Telangana,8,8099.1,10,64792.8,28792.8
2023-01-22,P006,Monitor 27inch 4K,Electronics,Chennai,Tamil Nadu,12,29749.15,15,356989.8,68989.8
2023-01-22,P007,Gaming Mouse RGB,Peripherals,Pune,Maharashtra,9,2999.0,0,26991.0,16191.0
2023-01-22,P008,Laptop Stand Aluminum,Accessories,Hyderabad,Telangana,15,1349.1,10,20236.5,11236.5
2023-01-23,P001,Laptop Pro X1,Electronics,Kolkata,West Bengal,11,74999.0,0,824989.0,252989.0
2023-01-23,P002,Smart Watch S3,Wearables,Mumbai,Maharashtra,8,24999.0,0,199992.0,79992.0
2023-01-23,P003,Wireless Earbuds,Audio,Ahmedabad,Gujarat,10,4999.0,0,49990.0,24990.0
2023-01-23,P004,USB-C Hub 7-in-1,Accessories,Mumbai,Maharashtra,8,1999.0,0,15992.0,9592.0
2023-01-23,P005,Mechanical Keyboard,Peripherals,Pune,Maharashtra,5,8999.0,0,44995.0,22495.0
2023-01-23,P006,Monitor 27inch 4K,Electronics,Hyderabad,Telangana,5,34999.0,0,174995.0,54995.0
2023-01-23,P007,Gaming Mouse RGB,Peripherals,Kolkata,West Bengal,12,2699.1,10,32389.2,17989.2
2023-01-23,P008,Laptop Stand Aluminum,Accessories,Ahmedabad,Gujarat,7,1349.1,10,9443.7,5243.7
2023-01-24,P001,Laptop Pro X1,Electronics,Mumbai,Maharashtra,13,74999.0,0,974987.0,298987.0
2023-01-24,P002,Smart Watch S3,Wearables,Bangalore,Karnataka,6,21249.15,15,127494.9,37494.9
2023-01-24,P003,Wireless Earbuds,Audio,Delhi,Delhi,7,4499.1,10,31493.7,13993.7
2023-01-24,P004,USB-C Hub 7-in-1,Accessories,Mumbai,Maharashtra,12,1999.0,0,23988.0,14388.0
2023-01-24,P005,Mechanical Keyboard,Peripherals,Delhi,Delhi,8,8549.05,5,68392.4,32392.4
2023-01-24,P006,Monitor 27inch 4K,Electronics,Delhi,Delhi,12,34999.0,0,419988.0,131988.0
2023-01-24,P007,Gaming Mouse RGB,Peripherals,Hyderabad,Telangana,3,2999.0,0,8997.0,5397.0
2023-01-24,P008,Laptop Stand Aluminum,Accessories,Mumbai,Maharashtra,9,1499.0,0,13491.0,8091.0
2023-01-25,P001,Laptop Pro X1,Electronics,Chennai,Tamil Nadu,6,63749.15,15,382494.9,70494.9
2023-01-25,P002,Smart Watch S3,Wearables,Chennai,Tamil Nadu,6,21249.15,15,127494.9,37494.9
2023-01-25,P003,Wireless Earbuds,Audio,Bangalore,Karnataka,8,4999.0,0,39992.0,19992.0
2023-01-25,P004,USB-C Hub 7-in-1,Accessories,Ahmedabad,Gujarat,8,1799.1,10,14392.8,7992.8
2023-01-25,P005,Mechanical Keyboard,Peripherals,Delhi,Delhi,6,8999.0,0,53994.0,26994.0
2023-01-25,P006,Monitor 27inch 4K,Electronics,Delhi,Delhi,5,34999.0,0,174995.0,54995.0
2023-01-25,P007,Gaming Mouse RGB,Peripherals,Ahmedabad,Gujarat,9,2999.0,0,26991.0,16191.0
2023-01-25,P008,Laptop Stand Aluminum,Accessories,Delhi,Delhi,11,1274.15,15,14015.65,7415.65
2023-01-26,P001,Laptop Pro X1,Electronics,Pune,Maharashtra,7,71249.05,5,498743.35,134743.35
2023-01-26,P002,Smart Watch S3,Wearables,Chennai,Tamil Nadu,9,24999.0,0,224991.0,89991.0
2023-01-26,P003,Wireless Earbuds,Audio,Delhi,Delhi,4,4249.15,15,16996.6,6996.6
2023-01-26,P004,USB-C Hub 7-in-1,Accessories,Bangalore,Karnataka,4,1899.05,5,7596.2,4396.2
2023-01-26,P005,Mechanical Keyboard,Peripherals,Mumbai,Maharashtra,6,8549.05,5,51294.3,24294.3
2023-01-26,P006,Monitor 27inch 4K,Electronics,Chennai,Tamil Nadu,4,34999.0,0,139996.0,43996.0
2023-01-26,P007,Gaming Mouse RGB,Peripherals,Kolkata,West Bengal,10,2999.0,0,29990.0,17990.0
2023-01-26,P008,Laptop Stand Aluminum,Accessories,Hyderabad,Telangana,10,1499.0,0,14990.0,8990.0
2023-01-27,P001,Laptop Pro X1,Electronics,Chennai,Tamil Nadu,9,74999.0,0,674991.0,206991.0
2023-01-27,P002,Smart Watch S3,Wearables,Chennai,Tamil Nadu,15,23749.05,5,356235.75,131235.75
2023-01-27,P003,Wireless Earbuds,Audio,Pune,Maharashtra,7,4999.0,0,34993.0,17493.0
2023-01-27,P004,USB-C Hub 7-in-1,Accessories,Bangalore,Karnataka,13,1999.0,0,25987.0,15587.0
2023-01-27,P005,Mechanical Keyboard,Peripherals,Pune,Maharashtra,5,7649.15,15,38245.75,15745.75
2023-01-27,P006,Monitor 27inch 4K,Electronics,Ahmedabad,Gujarat,10,29749.15,15,297491.5,57491.5
2023-01-27,P007,Gaming Mouse RGB,Peripherals,Pune,Maharashtra,7,2999.0,0,20993.0,12593.0
2023-01-27,P008,Laptop Stand Aluminum,Accessories,Bangalore,Karnataka,11,1499.0,0,16489.0,9889.0
2023-01-28,P001,Laptop Pro X1,Electronics,Delhi,Delhi,9,67499.1,10,607491.9,139491.9
2023-01-28,P002,Smart Watch S3,Wearables,Hyderabad,Telangana,14,24999.0,0,349986.0,139986.0
2023-01-28,P003,Wireless Earbuds,Audio,Bangalore,Karnataka,12,4499.1,10,53989.2,23989.2
2023-01-28,P004,USB-C Hub 7-in-1,Accessories,Ahmedabad,Gujarat,16,1999.0,0,31984.0,19184.0
2023-01-28,P005,Mechanical Keyboard,Peripherals,Pune,Maharashtra,7,8549.05,5,59843.35,28343.35
2023-01-28,P006,Monitor 27inch 4K,Electronics,Bangalore,Karnataka,8,33249.05,5,265992.4,73992.4
2023-01-28,P007,Gaming Mouse RGB,Peripherals,Chennai,Tamil Nadu,11,2999.0,0,32989.0,19789.0
2023-01-28,P008,Laptop Stand Aluminum,Accessories,Mumbai,Maharashtra,15,1274.15,15,19112.25,10112.25
2023-01-29,P001,Laptop Pro X1,Electronics,Ahmedabad,Gujarat,7,74999.0,0,524993.0,160993.0
2023-01-29,P002,Smart Watch S3,Wearables,Chennai,Tamil Nadu,8,24999.0,0,199992.0,79992.0
2023-01-29,P003,Wireless Earbuds,Audio,Ahmedabad,Gujarat,9,4999.0,0,44991.0,22491.0
2023-01-29,P004,USB-C Hub 7-in-1,Accessories,Pune,Maharashtra,14,1799.1,10,25187.4,13987.4
2023-01-29,P005,Mechanical Keyboard,Peripherals,Pune,Maharashtra,9,7649.15,15,68842.35,28342.35
2023-01-29,P006,Monitor 27inch 4K,Electronics,Bangalore,Karnataka,11,29749.15,15,327240.65,63240.65
2023-01-29,P007,Gaming Mouse RGB,Peripherals,Hyderabad,Telangana,12,2699.1,10,32389.2,17989.2
2023-01-29,P008,Laptop Stand Aluminum,Accessories,Hyderabad,Telangana,9,1274.15,15,11467.35,6067.35
2023-01-30,P001,Laptop Pro X1,Electronics,Ahmedabad,Gujarat,7,74999.0,0,524993.0,160993.0
2023-01-30,P002,Smart Watch S3,Wearables,Ahmedabad,Gujarat,8,21249.15,15,169993.2,49993.2
2023-01-30,P003,Wireless Earbuds,Audio,Hyderabad,Telangana,11,4499.1,10,49490.1,21990.1
2023-01-30,P004,USB-C Hub 7-in-1,Accessories,Delhi,Delhi,12,1999.0,0,23988.0,14388.0
2023-01-30,P005,Mechanical Keyboard,Peripherals,Ahmedabad,Gujarat,8,7649.15,15,61193.2,25193.2
2023-01-30,P006,Monitor 27inch 4K,Electronics,Ahmedabad,Gujarat,11,29749.15,15,327240.65,63240.65
2023-01-30,P007,Gaming Mouse RGB,Peripherals,Delhi,Delhi,5,2699.1,10,13495.5,7495.5
2023-01-30,P008,Laptop Stand Aluminum,Accessories,Hyderabad,Telangana,10,1424.05,5,14240.5,8240.5
2023-01-31,P001,Laptop Pro X1,Electronics,Mumbai,Maharashtra,9,74999.0,0,674991.0,206991.0
2023-01-31,P002,Smart Watch S3,Wearables,Hyderabad,Telangana,9,24999.0,0,224991.0,89991.0
2023-01-31,P003,Wireless Earbuds,Audio,Ahmedabad,Gujarat,7,4499.1,10,31493.7,13993.7
2023-01-31,P004,USB-C Hub 7-in-1,Accessories,Pune,Maharashtra,9,1899.05,5,17091.45,9891.45
2023-01-31,P005,Mechanical Keyboard,Peripherals,Kolkata,West Bengal,12,8549.05,5,102588.6,48588.6
2023-01-31,P006,Monitor 27inch 4K,Electronics,Chennai,Tamil Nadu,7,31499.1,10,220493.7,52493.7
2023-01-31,P007,Gaming Mouse RGB,Peripherals,Kolkata,West Bengal,10,2549.15,15,25491.5,13491.5
2023-01-31,P008,Laptop Stand Aluminum,Accessories,Delhi,Delhi,7,1274.15,15,8919.05,4719.05
2023-02-01,P001,Laptop Pro X1,Electronics,Bangalore,Karnataka,4,74999.0,0,299996.0,91996.0
2023-02-01,P002,Smart Watch S3,Wearables,Pune,Maharashtra,9,24999.0,0,224991.0,89991.0
2023-02-01,P003,Wireless Earbuds,Audio,Chennai,Tamil Nadu,4,4249.15,15,16996.6,6996.6
2023-02-01,P004,USB-C Hub 7-in-1,Accessories,Hyderabad,Telangana,7,1999.0,0,13993.0,8393.0
2023-02-01,P005,Mechanical Keyboard,Peripherals,Chennai,Tamil Nadu,15,8999.0,0,134985.0,67485.0
2023-02-01,P006,Monitor 27inch 4K,Electronics,Mumbai,Maharashtra,10,34999.0,0,349990.0,109990.0
2023-02-01,P007,Gaming Mouse RGB,Peripherals,Chennai,Tamil Nadu,5,2849.05,5,14245.25,8245.25
2023-02-01,P008,Laptop Stand Aluminum,Accessories,Bangalore,Karnataka,7,1424.05,5,9968.35,5768.35
2023-02-02,P001,Laptop Pro X1,Electronics,Ahmedabad,Gujarat,3,63749.15,15,191247.45,35247.45
2023-02-02,P002,Smart Watch S3,Wearables,Chennai,Tamil Nadu,3,21249.15,15,63747.45,18747.45
2023-02-02,P003,Wireless Earbuds,Audio,Ahmedabad,Gujarat,8,4749.05,5,37992.4,17992.4
2023-02-02,P004,USB-C Hub 7-in-1,Accessories,Ahmedabad,Gujarat,9,1999.0,0,17991.0,10791.0
2023-02-02,P005,Mechanical Keyboard,Peripherals,Delhi,Delhi,8,7649.15,15,61193.2,25193.2
2023-02-02,P006,Monitor 27inch 4K,Electronics,Mumbai,Maharashtra,4,34999.0,0,139996.0,43996.0
2023-02-02,P007,Gaming Mouse RGB,Peripherals,Ahmedabad,Gujarat,6,2999.0,0,17994.0,10794.0
2023-02-02,P008,Laptop Stand Aluminum,Accessories,Delhi,Delhi,7,1274.15,15,8919.05,4719.05
2023-02-03,P001,Laptop Pro X1,Electronics,Kolkata,West Bengal,7,74999.0,0,524993.0,160993.0
2023-02-03,P002,Smart Watch S3,Wearables,Chennai,Tamil Nadu,4,24999.0,0,99996.0,39996.0
2023-02-03,P003,Wireless Earbuds,Audio,Kolkata,West Bengal,5,4999.0,0,24995.0,12495.0
2023-02-03,P004,USB-C Hub 7-in-1,Accessories,Kolkata,West Bengal,13,1699.15,15,22088.95,11688.95
2023-02-03,P005,Mechanical Keyboard,Peripherals,Pune,Maharashtra,11,8549.05,5,94039.55,44539.55
2023-02-03,P006,Monitor 27inch 4K,Electronics,Ahmedabad,Gujarat,4,31499.1,10,125996.4,29996.4
2023-02-03,P007,Gaming Mouse RGB,Peripherals,Kolkata,West Bengal,8,2999.0,0,23992.0,14392.0
2023-02-03,P008,Laptop Stand Aluminum,Accessories,Kolkata,West Bengal,6,1424.05,5,8544.3,4944.3
2023-02-04,P001,Laptop Pro X1,Electronics,Hyderabad,Telangana,5,74999.0,0,374995.0,114995.0
2023-02-04,P002,Smart Watch S3,Wearables,Hyderabad,Telangana,7,22499.1,10,157493.7,52493.7
2023-02-04,P003,Wireless Earbuds,Audio,Kolkata,West Bengal,16,4249.15,15,67986.4,27986.4
2023-02-04,P004,USB-C Hub 7-in-1,Accessories,Chennai,Tamil Nadu,12,1999.0,0,23988.0,14388.0
2023-02-04,P005,Mechanical Keyboard,Peripherals,Kolkata,West Bengal,9,8999.0,0,80991.0,40491.0
2023-02-04,P006,Monitor 27inch 4K,Electronics,Hyderabad,Telangana,15,34999.0,0,524985.0,164985.0
2023-02-04,P007,Gaming Mouse RGB,Peripherals,Hyderabad,Telangana,14,2999.0,0,41986.0,25186.0
2023-02-04,P008,Laptop Stand Aluminum,Accessories,Pune,Maharashtra,15,1349.1,10,20236.5,11236.5
2023-02-05,P001,Laptop Pro X1,Electronics,Bangalore,Karnataka,18,74999.0,0,1349982.0,413982.0
2023-02-05,P002,Smart Watch S3,Wearables,Delhi,Delhi,12,24999.0,0,299988.0,119988.0
2023-02-05,P003,Wireless Earbuds,Audio,Ahmedabad,Gujarat,9,4249.15,15,38242.35,15742.35
2023-02-05,P004,USB-C Hub 7-in-1,Accessories,Delhi,Delhi,7,1699.15,15,11894.05,6294.05
2023-02-05,P005,Mechanical Keyboard,Peripherals,Chennai,Tamil Nadu,11,8999.0,0,98989.0,49489.0
2023-02-05,P006,Monitor 27inch 4K,Electronics,Ahmedabad,Gujarat,12,33249.05,5,398988.6,110988.6
2023-02-05,P007,Gaming Mouse RGB,Peripherals,Pune,Maharashtra,8,2699.1,10,21592.8,11992.8
2023-02-05,P008,Laptop Stand Aluminum,Accessories,Kolkata,West Bengal,9,1424.05,5,12816.45,7416.45
2023-02-06,P001,Laptop Pro X1,Electronics,Mumbai,Maharashtra,7,74999.0,0,524993.0,160993.0
2023-02-06,P002,Smart Watch S3,Wearables,Ahmedabad,Gujarat,10,23749.05,5,237490.5,87490.5
2023-02-06,P003,Wireless Earbuds,Audio,Mumbai,Maharashtra,10,4499.1,10,44991.0,19991.0
2023-02-06,P004,USB-C Hub 7-in-1,Accessories,Ahmedabad,Gujarat,6,1899.05,5,11394.3,6594.3
2023-02-06,P005,Mechanical Keyboard,Peripherals,Mumbai,Maharashtra,4,8999.0,0,35996.0,17996.0
2023-02-06,P006,Monitor 27inch 4K,Electronics,Hyderabad,Telangana,4,33249.05,5,132996.2,36996.2
2023-02-06,P007,Gaming Mouse RGB,Peripherals,Ahmedabad,Gujarat,4,2699.1,10,10796.4,5996.4
2023-02-06,P008,Laptop Stand Aluminum,Accessories,Chennai,Tamil Nadu,9,1424.05,5,12816.45,7416.45
2023-02-07,P001,Laptop Pro X1,Electronics,Chennai,Tamil Nadu,7,74999.0,0,524993.0,160993.0
2023-02-07,P002,Smart Watch S3,Wearables,Ahmedabad,Gujarat,11,23749.05,5,261239.55,96239.55
2023-02-07,P003,Wireless Earbuds,Audio,Mumbai,Maharashtra,8,4749.05,5,37992.4,17992.4
2023-02-07,P004,USB-C Hub 7-in-1,Accessories,Pune,Maharashtra,12,1699.15,15,20389.8,10789.8
2023-02-07,P005,Mechanical Keyboard,Peripherals,Ahmedabad,Gujarat,10,7649.15,15,76491.5,31491.5
2023-02-07,P006,Monitor 27inch 4K,Electronics,Delhi,Delhi,4,33249.05,5,132996.2,36996.2
2023-02-07,P007,Gaming Mouse RGB,Peripherals,Delhi,Delhi,3,2699.1,10,8097.3,4497.3
2023-02-07,P008,Laptop Stand Aluminum,Accessories,Mumbai,Maharashtra,5,1424.05,5,7120.25,4120.25
2023-02-08,P001,Laptop Pro X1,Electronics,Mumbai,Maharashtra,10,74999.0,0,749990.0,229990.0
2023-02-08,P002,Smart Watch S3,Wearables,Ahmedabad,Gujarat,5,24999.0,0,124995.0,49995.0
2023-02-08,P003,Wireless Earbuds,Audio,Kolkata,West Bengal,4,4999.0,0,19996.0,9996.0
2023-02-08,P004,USB-C Hub 7-in-1,Accessories,Mumbai,Maharashtra,10,1999.0,0,19990.0,11990.0
2023-02-08,P005,Mechanical Keyboard,Peripherals,Ahmedabad,Gujarat,6,8999.0,0,53994.0,26994.0
2023-02-08,P006,Monitor 27inch 4K,Electronics,Chennai,Tamil Nadu,10,33249.05,5,332490.5,92490.5
2023-02-08,P007,Gaming Mouse RGB,Peripherals,Pune,Maharashtra,11,2999.0,0,32989.0,19789.0
2023-02-08,P008,Laptop Stand Aluminum,Accessories,Ahmedabad,Gujarat,5,1499.0,0,7495.0,4495.0
2023-02-09,P001,Laptop Pro X1,Electronics,Ahmedabad,Gujarat,8,74999.0,0,599992.0,183992.0
2023-02-09,P002,Smart Watch S3,Wearables,Bangalore,Karnataka,6,23749.05,5,142494.3,52494.3
2023-02-09,P003,Wireless Earbuds,Audio,Mumbai,Maharashtra,9,4249.15,15,38242.35,15742.35
2023-02-09,P004,USB-C Hub 7-in-1,Accessories,Mumbai,Maharashtra,11,1999.0,0,21989.0,13189.0
2023-02-09,P005,Mechanical Keyboard,Peripherals,Chennai,Tamil Nadu,13,7649.15,15,99438.95,40938.95
2023-02-09,P006,Monitor 27inch 4K,Electronics,Bangalore,Karnataka,4,29749.15,15,118996.6,22996.6
2023-02-09,P007,Gaming Mouse RGB,Peripherals,Mumbai,Maharashtra,8,2999.0,0,23992.0,14392.0
2023-02-09,P008,Laptop Stand Aluminum,Accessories,Chennai,Tamil Nadu,5,1499.0,0,7495.0,4495.0
2023-02-10,P001,Laptop Pro X1,Electronics,Mumbai,Maharashtra,11,67499.1,10,742490.1,170490.1
2023-02-10,P002,Smart Watch S3,Wearables,Delhi,Delhi,8,24999.0,0,199992.0,79992.0
2023-02-10,P003,Wireless Earbuds,Audio,Delhi,Delhi,3,4749.05,5,14247.15,6747.15
2023-02-10,P004,USB-C Hub 7-in-1,Accessories,Bangalore,Karnataka,10,1799.1,10,17991.0,9991.0
2023-02-10,P005,Mechanical Keyboard,Peripherals,Chennai,Tamil Nadu,12,8549.05,5,102588.6,48588.6
2023-02-10,P006,Monitor 27inch 4K,Electronics,Hyderabad,Telangana,7,34999.0,0,244993.0,76993.0
2023-02-10,P007,Gaming Mouse RGB,Peripherals,Delhi,Delhi,8,2699.1,10,21592.8,11992.8
2023-02-10,P008,Laptop Stand Aluminum,Accessories,Bangalore,Karnataka,2,1499.0,0,2998.0,1798.0
2023-02-11,P001,Laptop Pro X1,Electronics,Hyderabad,Telangana,8,74999.0,0,599992.0,183992.0
2023-02-11,P002,Smart Watch S3,Wearables,Mumbai,Maharashtra,2,24999.0,0,49998.0,19998.0
2023-02-11,P003,Wireless Earbuds,Audio,Ahmedabad,Gujarat,15,4749.05,5,71235.75,33735.75
2023-02-11,P004,USB-C Hub 7-in-1,Accessories,Chennai,Tamil Nadu,15,1999.0,0,29985.0,17985.0
2023-02-11,P005,Mechanical Keyboard,Peripherals,Chennai,Tamil Nadu,11,8999.0,0,98989.0,49489.0
2023-02-11,P006,Monitor 27inch 4K,Electronics,Hyderabad,Telangana,19,29749.15,15,565233.85,109233.85
2023-02-11,P007,Gaming Mouse RGB,Peripherals,Bangalore,Karnataka,18,2699.1,10,48583.8,26983.8
2023-02-11,P008,Laptop Stand Aluminum,Accessories,Mumbai,Maharashtra,2,1499.0,0,2998.0,1798.0
2023-02-12,P001,Laptop Pro X1,Electronics,Ahmedabad,Gujarat,16,63749.15,15,1019986.4,187986.4
2023-02-12,P002,Smart Watch S3,Wearables,Pune,Maharashtra,9,24999.0,0,224991.0,89991.0
2023-02-12,P003,Wireless Earbuds,Audio,Pune,Maharashtra,12,4999.0,0,59988.0,29988.0
2023-02-12,P004,USB-C Hub 7-in-1,Accessories,Ahmedabad,Gujarat,8,1899.05,5,15192.4,8792.4
2023-02-12,P005,Mechanical Keyboard,Peripherals,Bangalore,Karnataka,11,8549.05,5,94039.55,44539.55
2023-02-12,P006,Monitor 27inch 4K,Electronics,Pune,Maharashtra,12,29749.15,15,356989.8,68989.8
2023-02-12,P007,Gaming Mouse RGB,Peripherals,Kolkata,West Bengal,9,2549.15,15,22942.35,12142.35
2023-02-12,P008,Laptop Stand Aluminum,Accessories,Delhi,Delhi,11,1424.05,5,15664.55,9064.55
2023-02-13,P001,Laptop Pro X1,Electronics,Delhi,Delhi,6,63749.15,15,382494.9,70494.9
2023-02-13,P002,Smart Watch S3,Wearables,Hyderabad,Telangana,7,22499.1,10,157493.7,52493.7
2023-02-13,P003,Wireless Earbuds,Audio,Kolkata,West Bengal,10,4749.05,5,47490.5,22490.5
2023-02-13,P004,USB-C Hub 7-in-1,Accessories,Ahmedabad,Gujarat,9,1699.15,15,15292.35,8092.35
2023-02-13,P005,Mechanical Keyboard,Peripherals,Hyderabad,Telangana,9,8999.0,0,80991.0,40491.0
2023-02-13,P006,Monitor 27inch 4K,Electronics,Chennai,Tamil Nadu,2,34999.0,0,69998.0,21998.0
2023-02-13,P007,Gaming Mouse RGB,Peripherals,Hyderabad,Telangana,6,2849.05,5,17094.3,9894.3
2023-02-13,P008,Laptop Stand Aluminum,Accessories,Chennai,Tamil Nadu,9,1424.05,5,12816.45,7416.45
2023-02-14,P001,Laptop Pro X1,Electronics,Ahmedabad,Gujarat,4,74999.0,0,299996.0,91996.0
2023-02-14,P002,Smart Watch S3,Wearables,Mumbai,Maharashtra,13,23749.05,5,308737.65,113737.65
2023-02-14,P003,Wireless Earbuds,Audio,Pune,Maharashtra,8,4999.0,0,39992.0,19992.0
2023-02-14,P004,USB-C Hub 7-in-1,Accessories,Kolkata,West Bengal,11,1999.0,0,21989.0,13189.0
2023-02-14,P005,Mechanical Keyboard,Peripherals,Pune,Maharashtra,6,8999.0,0,53994.0,26994.0
2023-02-14,P006,Monitor 27inch 4K,Electronics,Pune,Maharashtra,8,34999.0,0,279992.0,87992.0
2023-02-14,P007,Gaming Mouse RGB,Peripherals,Hyderabad,Telangana,7,2699.1,10,18893.7,10493.7
2023-02-14,P008,Laptop Stand Aluminum,Accessories,Mumbai,Maharashtra,11,1349.1,10,14840.1,8240.1
2023-02-15,P001,Laptop Pro X1,Electronics,Chennai,Tamil Nadu,8,74999.0,0,599992.0,183992.0
2023-02-15,P002,Smart Watch S3,Wearables,Chennai,Tamil Nadu,11,21249.15,15,233740.65,68740.65
2023-02-15,P003,Wireless Earbuds,Audio,Ahmedabad,Gujarat,2,4749.05,5,9498.1,4498.1
2023-02-15,P004,USB-C Hub 7-in-1,Accessories,Chennai,Tamil Nadu,5,1699.15,15,8495.75,4495.75
2023-02-15,P005,Mechanical Keyboard,Peripherals,Kolkata,West Bengal,5,7649.15,15,38245.75,15745.75
2023-02-15,P006,Monitor 27inch 4K,Electronics,Kolkata,West Bengal,6,33249.05,5,199494.3,55494.3
2023-02-15,P007,Gaming Mouse RGB,Peripherals,Mumbai,Maharashtra,12,2999.0,0,35988.0,21588.0
2023-02-15,P008,Laptop Stand Aluminum,Accessories,Hyderabad,Telangana,5,1499.0,0,7495.0,4495.0
2023-02-16,P001,Laptop Pro X1,Electronics,Ahmedabad,Gujarat,7,63749.15,15,446244.05,82244.05
2023-02-16,P002,Smart Watch S3,Wearables,Chennai,Tamil Nadu,7,24999.0,0,174993.0,69993.0
2023-02-16,P003,Wireless Earbuds,Audio,Pune,Maharashtra,13,4749.05,5,61737.65,29237.65
2023-02-16,P004,USB-C Hub 7-in-1,Accessories,Pune,Maharashtra,9,1899.05,5,17091.45,9891.45
2023-02-16,P005,Mechanical Keyboard,Peripherals,Pune,Maharashtra,8,8999.0,0,71992.0,35992.0
2023-02-16,P006,Monitor 27inch 4K,Electronics,Kolkata,West Bengal,8,34999.0,0,279992.0,87992.0
2023-02-16,P007,Gaming Mouse RGB,Peripherals,Hyderabad,Telangana,4,2999.0,0,11996.0,7196.0
2023-02-16,P008,Laptop Stand Aluminum,Accessories,Chennai,Tamil Nadu,10,1499.0,0,14990.0,8990.0
2023-02-17,P001,Laptop Pro X1,Electronics,Chennai,Tamil Nadu,13,74999.0,0,974987.0,298987.0
2023-02-17,P002,Smart Watch S3,Wearables,Bangalore,Karnataka,6,21249.15,15,127494.9,37494.9
2023-02-17,P003,Wireless Earbuds,Audio,Delhi,Delhi,9,4999.0,0,44991.0,22491.0
2023-02-17,P004,USB-C Hub 7-in-1,Accessories,Chennai,Tamil Nadu,9,1699.15,15,15292.35,8092.35
2023-02-17,P005,Mechanical Keyboard,Peripherals,Kolkata,West Bengal,9,8999.0,0,80991.0,40491.0
2023-02-17,P006,Monitor 27inch 4K,Electronics,Hyderabad,Telangana,3,34999.0,0,104997.0,32997.0
2023-02-17,P007,Gaming Mouse RGB,Peripherals,Chennai,Tamil Nadu,8,2999.0,0,23992.0,14392.0
2023-02-17,P008,Laptop Stand Aluminum,Accessories,Chennai,Tamil Nadu,9,1499.0,0,13491.0,8091.0
2023-02-18,P001,Laptop Pro X1,Electronics,Delhi,Delhi,9,74999.0,0,674991.0,206991.0
2023-02-18,P002,Smart Watch S3,Wearables,Mumbai,Maharashtra,8,21249.15,15,169993.2,49993.2
2023-02-18,P003,Wireless Earbuds,Audio,Delhi,Delhi,5,4999.0,0,24995.0,12495.0
2023-02-18,P004,USB-C Hub 7-in-1,Accessories,Mumbai,Maharashtra,22,1999.0,0,43978.0,26378.0
2023-02-18,P005,Mechanical Keyboard,Peripherals,Hyderabad,Telangana,15,7649.15,15,114737.25,47237.25
2023-02-18,P006,Monitor 27inch 4K,Electronics,Delhi,Delhi,12,29749.15,15,356989.8,68989.8
2023-02-18,P007,Gaming Mouse RGB,Peripherals,Kolkata,West Bengal,9,2999.0,0,26991.0,16191.0
2023-02-18,P008,Laptop Stand Aluminum,Accessories,Mumbai,Maharashtra,18,1349.1,10,24283.8,13483.8
2023-02-19,P001,Laptop Pro X1,Electronics,Hyderabad,Telangana,5,71249.05,5,356245.25,96245.25
2023-02-19,P002,Smart Watch S3,Wearables,Kolkata,West Bengal,14,23749.05,5,332486.7,122486.7
2023-02-19,P003,Wireless Earbuds,Audio,Pune,Maharashtra,11,4999.0,0,54989.0,27489.0
2023-02-19,P004,USB-C Hub 7-in-1,Accessories,Mumbai,Maharashtra,11,1999.0,0,21989.0,13189.0
2023-02-19,P005,Mechanical Keyboard,Peripherals,Kolkata,West Bengal,7,8999.0,0,62993.0,31493.0
2023-02-19,P006,Monitor 27inch 4K,Electronics,Bangalore,Karnataka,12,33249.05,5,398988.6,110988.6
2023-02-19,P007,Gaming Mouse RGB,Peripherals,Kolkata,West Bengal,7,2999.0,0,20993.0,12593.0
2023-02-19,P008,Laptop Stand Aluminum,Accessories,Mumbai,Maharashtra,8,1499.0,0,11992.0,7192.0
2023-02-20,P001,Laptop Pro X1,Electronics,Delhi,Delhi,8,67499.1,10,539992.8,123992.8
2023-02-20,P002,Smart Watch S3,Wearables,Hyderabad,Telangana,5,24999.0,0,124995.0,49995.0
2023-02-20,P003,Wireless Earbuds,Audio,Chennai,Tamil Nadu,13,4999.0,0,64987.0,32487.0
2023-02-20,P004,USB-C Hub 7-in-1,Accessories,Ahmedabad,Gujarat,11,1799.1,10,19790.1,10990.1
2023-02-20,P005,Mechanical Keyboard,Peripherals,Chennai,Tamil Nadu,9,8099.1,10,72891.9,32391.9
2023-02-20,P006,Monitor 27inch 4K,Electronics,Ahmedabad,Gujarat,6,33249.05,5,199494.3,55494.3
2023-02-20,P007,Gaming Mouse RGB,Peripherals,Kolkata,West Bengal,9,2999.0,0,26991.0,16191.0
2023-02-20,P008,Laptop Stand Aluminum,Accessories,Ahmedabad,Gujarat,9,1499.0,0,13491.0,8091.0
2023-02-21,P001,Laptop Pro X1,Electronics,Mumbai,Maharashtra,3,67499.1,10,202497.3,46497.3
2023-02-21,P002,Smart Watch S3,Wearables,Bangalore,Karnataka,7,24999.0,0,174993.0,69993.0
2023-02-21,P003,Wireless Earbuds,Audio,Chennai,Tamil Nadu,8,4999.0,0,39992.0,19992.0
2023-02-21,P004,USB-C Hub 7-in-1,Accessories,Bangalore,Karnataka,8,1999.0,0,15992.0,9592.0
2023-02-21,P005,Mechanical Keyboard,Peripherals,Chennai,Tamil Nadu,7,8999.0,0,62993.0,31493.0
2023-02-21,P006,Monitor 27inch 4K,Electronics,Bangalore,Karnataka,6,34999.0,0,209994.0,65994.0
2023-02-21,P007,Gaming Mouse RGB,Peripherals,Mumbai,Maharashtra,5,2849.05,5,14245.25,8245.25
2023-02-21,P008,Laptop Stand Aluminum,Accessories,Kolkata,West Bengal,10,1274.15,15,12741.5,6741.5
2023-02-22,P001,Laptop Pro X1,Electronics,Kolkata,West Bengal,5,74999.0,0,374995.0,114995.0
2023-02-22,P002,Smart Watch S3,Wearables,Mumbai,Maharashtra,8,24999.0,0,199992.0,79992.0
2023-02-22,P003,Wireless Earbuds,Audio,Hyderabad,Telangana,8,4249.15,15,33993.2,13993.2
2023-02-22,P004,USB-C Hub 7-in-1,Accessories,Hyderabad,Telangana,8,1699.15,15,13593.2,7193.2
2023-02-22,P005,Mechanical Keyboard,Peripherals,Kolkata,West Bengal,6,8999.0,0,53994.0,26994.0
2023-02-22,P006,Monitor 27inch 4K,Electronics,Chennai,Tamil Nadu,8,34999.0,0,279992.0,87992.0
2023-02-22,P007,Gaming Mouse RGB,Peripherals,Chennai,Tamil Nadu,7,2849.05,5,19943.35,11543.35
2023-02-22,P008,Laptop Stand Aluminum,Accessories,Bangalore,Karnataka,10,1349.1,10,13491.0,7491.0
2023-02-23,P001,Laptop Pro X1,Electronics,Chennai,Tamil Nadu,7,63749.15,15,446244.05,82244.05
2023-02-23,P002,Smart Watch S3,Wearables,Delhi,Delhi,8,24999.0,0,199992.0,79992.0
2023-02-23,P003,Wireless Earbuds,Audio,Delhi,Delhi,9,4999.0,0,44991.0,22491.0
2023-02-23,P004,USB-C Hub 7-in-1,Accessories,Mumbai,Maharashtra,8,1999.0,0,15992.0,9592.0
2023-02-23,P005,Mechanical Keyboard,Peripherals,Hyderabad,Telangana,6,8099.1,10,48594.6,21594.6
2023-02-23,P006,Monitor 27inch 4K,Electronics,Hyderabad,Telangana,9,33249.05,5,299241.45,83241.45
2023-02-23,P007,Gaming Mouse RGB,Peripherals,Bangalore,Karnataka,7,2849.05,5,19943.35,11543.35
2023-02-23,P008,Laptop Stand Aluminum,Accessories,Hyderabad,Telangana,8,1274.15,15,10193.2,5393.2
2023-02-24,P001,Laptop Pro X1,Electronics,Ahmedabad,Gujarat,11,74999.0,0,824989.0,252989.0
2023-02-24,P002,Smart Watch S3,Wearables,Kolkata,West Bengal,7,23749.05,5,166243.35,61243.35
2023-02-24,P003,Wireless Earbuds,Audio,Bangalore,Karnataka,9,4499.1,10,40491.9,17991.9
2023-02-24,P004,USB-C Hub 7-in-1,Accessories,Mumbai,Maharashtra,8,1899.05,5,15192.4,8792.4
2023-02-24,P005,Mechanical Keyboard,Peripherals,Pune,Maharashtra,6,8099.1,10,48594.6,21594.6
2023-02-24,P006,Monitor 27inch 4K,Electronics,Hyderabad,Telangana,6,34999.0,0,209994.0,65994.0
2023-02-24,P007,Gaming Mouse RGB,Peripherals,Bangalore,Karnataka,14,2999.0,0,41986.0,25186.0
2023-02-24,P008,Laptop Stand Aluminum,Accessories,Mumbai,Maharashtra,12,1274.15,15,15289.8,8089.8
2023-02-25,P001,Laptop Pro X1,Electronics,Hyderabad,Telangana,7,67499.1,10,472493.7,108493.7
2023-02-25,P002,Smart Watch S3,Wearables,Mumbai,Maharashtra,16,24999.0,0,399984.0,159984.0
2023-02-25,P003,Wireless Earbuds,Audio,Kolkata,West Bengal,11,4499.1,10,49490.1,21990.1
2023-02-25,P004,USB-C Hub 7-in-1,Accessories,Kolkata,West Bengal,9,1999.0,0,17991.0,10791.0
2023-02-25,P005,Mechanical Keyboard,Peripherals,Delhi,Delhi,5,8099.1,10,40495.5,17995.5
2023-02-25,P006,Monitor 27inch 4K,Electronics,Ahmedabad,Gujarat,7,29749.15,15,208244.05,40244.05
2023-02-25,P007,Gaming Mouse RGB,Peripherals,Kolkata,West Bengal,7,2999.0,0,20993.0,12593.0
2023-02-25,P008,Laptop Stand Aluminum,Accessories,Kolkata,West Bengal,5,1499.0,0,7495.0,4495.0
2023-02-26,P001,Laptop Pro X1,Electronics,Ahmedabad,Gujarat,9,74999.0,0,674991.0,206991.0
2023-02-26,P002,Smart Watch S3,Wearables,Pune,Maharashtra,12,21249.15,15,254989.8,74989.8
2023-02-26,P003,Wireless Earbuds,Audio,Bangalore,Karnataka,9,4999.0,0,44991.0,22491.0
2023-02-26,P004,USB-C Hub 7-in-1,Accessories,Pune,Maharashtra,8,1899.05,5,15192.4,8792.4
2023-02-26,P005,Mechanical Keyboard,Peripherals,Kolkata,West Bengal,9,8999.0,0,80991.0,40491.0
2023-02-26,P006,Monitor 27inch 4K,Electronics,Ahmedabad,Gujarat,5,31499.1,10,157495.5,37495.5
2023-02-26,P007,Gaming Mouse RGB,Peripherals,Mumbai,Maharashtra,12,2849.05,5,34188.6,19788.6
2023-02-26,P008,Laptop Stand Aluminum,Accessories,Bangalore,Karnataka,14,1499.0,0,20986.0,12586.0
2023-02-27,P001,Laptop Pro X1,Electronics,Hyderabad,Telangana,11,74999.0,0,824989.0,252989.0
2023-02-27,P002,Smart Watch S3,Wearables,Bangalore,Karnataka,11,23749.05,5,261239.55,96239.55
2023-02-27,P003,Wireless Earbuds,Audio,Mumbai,Maharashtra,8,4249.15,15,33993.2,13993.2
2023-02-27,P004,USB-C Hub 7-in-1,Accessories,Kolkata,West Bengal,10,1899.05,5,18990.5,10990.5
2023-02-27,P005,Mechanical Keyboard,Peripherals,Mumbai,Maharashtra,9,8999.0,0,80991.0,40491.0
2023-02-27,P006,Monitor 27inch 4K,Electronics,Pune,Maharashtra,8,31499.1,10,251992.8,59992.8
2023-02-27,P007,Gaming Mouse RGB,Peripherals,Kolkata,West Bengal,3,2549.15,15,7647.45,4047.45
2023-02-27,P008,Laptop Stand Aluminum,Accessories,Kolkata,West Bengal,5,1499.0,0,7495.0,4495.0
2023-02-28,P001,Laptop Pro X1,Electronics,Chennai,Tamil Nadu,7,74999.0,0,524993.0,160993.0
2023-02-28,P002,Smart Watch S3,Wearables,Delhi,Delhi,7,24999.0,0,174993.0,69993.0
2023-02-28,P003,Wireless Earbuds,Audio,Kolkata,West Bengal,8,4249.15,15,33993.2,13993.2
2023-02-28,P004,USB-C Hub 7-in-1,Accessories,Kolkata,West Bengal,5,1999.0,0,9995.0,5995.0
2023-02-28,P005,Mechanical Keyboard,Peripherals,Mumbai,Maharashtra,7,7649.15,15,53544.05,22044.05
2023-02-28,P006,Monitor 27inch 4K,Electronics,Chennai,Tamil Nadu,7,29749.15,15,208244.05,40244.05
2023-02-28,P007,Gaming Mouse RGB,Peripherals,Delhi,Delhi,7,2999.0,0,20993.0,12593.0
2023-02-28,P008,Laptop Stand Aluminum,Accessories,Mumbai,Maharashtra,7,1349.1,10,9443.7,5243.7
2023-03-01,P001,Laptop Pro X1,Electronics,Ahmedabad,Gujarat,10,74999.0,0,749990.0,229990.0
2023-03-01,P002,Smart Watch S3,Wearables,Chennai,Tamil Nadu,7,24999.0,0,174993.0,69993.0
2023-03-01,P003,Wireless Earbuds,Audio,Kolkata,West Bengal,9,4999.0,0,44991.0,22491.0
2023-03-01,P004,USB-C Hub 7-in-1,Accessories,Delhi,Delhi,7,1899.05,5,13293.35,7693.35
2023-03-01,P005,Mechanical Keyboard,Peripherals,Hyderabad,Telangana,5,8099.1,10,40495.5,17995.5
2023-03-01,P006,Monitor 27inch 4K,Electronics,Hyderabad,Telangana,8,33249.05,5,265992.4,73992.4
2023-03-01,P007,Gaming Mouse RGB,Peripherals,Kolkata,West Bengal,12,2849.05,5,34188.6,19788.6
2023-03-01,P008,Laptop Stand Aluminum,Accessories,Chennai,Tamil Nadu,4,1424.05,5,5696.2,3296.2
2023-03-02,P001,Laptop Pro X1,Electronics,Delhi,Delhi,9,71249.05,5,641241.45,173241.45
2023-03-02,P002,Smart Watch S3,Wearables,Chennai,Tamil Nadu,7,22499.1,10,157493.7,52493.7
2023-03-02,P003,Wireless Earbuds,Audio,Delhi,Delhi,9,4999.0,0,44991.0,22491.0
2023-03-02,P004,USB-C Hub 7-in-1,Accessories,Hyderabad,Telangana,10,1899.05,5,18990.5,10990.5
2023-03-02,P005,Mechanical Keyboard,Peripherals,Pune,Maharashtra,6,8099.1,10,48594.6,21594.6
2023-03-02,P006,Monitor 27inch 4K,Electronics,Hyderabad,Telangana,11,34999.0,0,384989.0,120989.0
2023-03-02,P007,Gaming Mouse RGB,Peripherals,Hyderabad,Telangana,6,2549.15,15,15294.9,8094.9
2023-03-02,P008,Laptop Stand Aluminum,Accessories,Hyderabad,Telangana,9,1349.1,10,12141.9,6741.9
2023-03-03,P001,Laptop Pro X1,Electronics,Kolkata,West Bengal,9,74999.0,0,674991.0,206991.0
2023-03-03,P002,Smart Watch S3,Wearables,Kolkata,West Bengal,7,22499.1,10,157493.7,52493.7
2023-03-03,P003,Wireless Earbuds,Audio,Kolkata,West Bengal,7,4999.0,0,34993.0,17493.0
2023-03-03,P004,USB-C Hub 7-in-1,Accessories,Pune,Maharashtra,8,1799.1,10,14392.8,7992.8
2023-03-03,P005,Mechanical Keyboard,Peripherals,Ahmedabad,Gujarat,12,8549.05,5,102588.6,48588.6
2023-03-03,P006,Monitor 27inch 4K,Electronics,Pune,Maharashtra,7,34999.0,0,244993.0,76993.0
2023-03-03,P007,Gaming Mouse RGB,Peripherals,Chennai,Tamil Nadu,4,2699.1,10,10796.4,5996.4
2023-03-03,P008,Laptop Stand Aluminum,Accessories,Ahmedabad,Gujarat,7,1499.0,0,10493.0,6293.0
2023-03-04,P001,Laptop Pro X1,Electronics,Ahmedabad,Gujarat,9,74999.0,0,674991.0,206991.0
2023-03-04,P002,Smart Watch S3,Wearables,Pune,Maharashtra,9,21249.15,15,191242.35,56242.35
2023-03-04,P003,Wireless Earbuds,Audio,Kolkata,West Bengal,7,4249.15,15,29744.05,12244.05
2023-03-04,P004,USB-C Hub 7-in-1,Accessories,Ahmedabad,Gujarat,9,1899.05,5,17091.45,9891.45
2023-03-04,P005,Mechanical Keyboard,Peripherals,Delhi,Delhi,8,8549.05,5,68392.4,32392.4
2023-03-04,P006,Monitor 27inch 4K,Electronics,Mumbai,Maharashtra,9,34999.0,0,314991.0,98991.0
2023-03-04,P007,Gaming Mouse RGB,Peripherals,Pune,Maharashtra,9,2999.0,0,26991.0,16191.0
2023-03-04,P008,Laptop Stand Aluminum,Accessories,Kolkata,West Bengal,15,1499.0,0,22485.0,13485.0
2023-03-05,P001,Laptop Pro X1,Electronics,Kolkata,West Bengal,14,74999.0,0,1049986.0,321986.0
2023-03-05,P002,Smart Watch S3,Wearables,Delhi,Delhi,11,23749.05,5,261239.55,96239.55
2023-03-05,P003,Wireless Earbuds,Audio,Delhi,Delhi,15,4999.0,0,74985.0,37485.0
2023-03-05,P004,USB-C Hub 7-in-1,Accessories,Kolkata,West Bengal,9,1999.0,0,17991.0,10791.0
2023-03-05,P005,Mechanical Keyboard,Peripherals,Pune,Maharashtra,15,8099.1,10,121486.5,53986.5
2023-03-05,P006,Monitor 27inch 4K,Electronics,Ahmedabad,Gujarat,5,29749.15,15,148745.75,28745.75
2023-03-05,P007,Gaming Mouse RGB,Peripherals,Bangalore,Karnataka,8,2999.0,0,23992.0,14392.0
2023-03-05,P008,Laptop Stand Aluminum,Accessories,Ahmedabad,Gujarat,11,1499.0,0,16489.0,9889.0
2023-03-06,P001,Laptop Pro X1,Electronics,Kolkata,West Bengal,12,67499.1,10,809989.2,185989.2
2023-03-06,P002,Smart Watch S3,Wearables,Mumbai,Maharashtra,6,22499.1,10,134994.6,44994.6
2023-03-06,P003,Wireless Earbuds,Audio,Bangalore,Karnataka,6,4999.0,0,29994.0,14994.0
2023-03-06,P004,USB-C Hub 7-in-1,Accessories,Hyderabad,Telangana,8,1999.0,0,15992.0,9592.0
2023-03-06,P005,Mechanical Keyboard,Peripherals,Bangalore,Karnataka,10,8549.05,5,85490.5,40490.5
2023-03-06,P006,Monitor 27inch 4K,Electronics,Bangalore,Karnataka,9,29749.15,15,267742.35,51742.35
2023-03-06,P007,Gaming Mouse RGB,Peripherals,Bangalore,Karnataka,13,2849.05,5,37037.65,21437.65
2023-03-06,P008,Laptop Stand Aluminum,Accessories,Delhi,Delhi,8,1274.15,15,10193.2,5393.2
2023-03-07,P001,Laptop Pro X1,Electronics,Hyderabad,Telangana,11,74999.0,0,824989.0,252989.0
2023-03-07,P002,Smart Watch S3,Wearables,Mumbai,Maharashtra,10,24999.0,0,249990.0,99990.0
2023-03-07,P003,Wireless Earbuds,Audio,Mumbai,Maharashtra,11,4999.0,0,54989.0,27489.0
2023-03-07,P004,USB-C Hub 7-in-1,Accessories,Pune,Maharashtra,13,1999.0,0,25987.0,15587.0
2023-03-07,P005,Mechanical Keyboard,Peripherals,Ahmedabad,Gujarat,6,8999.0,0,53994.0,26994.0
2023-03-07,P006,Monitor 27inch 4K,Electronics,Chennai,Tamil Nadu,12,31499.1,10,377989.2,89989.2
2023-03-07,P007,Gaming Mouse RGB,Peripherals,Ahmedabad,Gujarat,7,2699.1,10,18893.7,10493.7
2023-03-07,P008,Laptop Stand Aluminum,Accessories,Delhi,Delhi,9,1499.0,0,13491.0,8091.0
2023-03-08,P001,Laptop Pro X1,Electronics,Delhi,Delhi,5,74999.0,0,374995.0,114995.0
2023-03-08,P002,Smart Watch S3,Wearables,Ahmedabad,Gujarat,8,22499.1,10,179992.8,59992.8
2023-03-08,P003,Wireless Earbuds,Audio,Chennai,Tamil Nadu,10,4749.05,5,47490.5,22490.5
2023-03-08,P004,USB-C Hub 7-in-1,Accessories,Delhi,Delhi,9,1999.0,0,17991.0,10791.0
2023-03-08,P005,Mechanical Keyboard,Peripherals,Kolkata,West Bengal,2,7649.15,15,15298.3,6298.3
2023-03-08,P006,Monitor 27inch 4K,Electronics,Hyderabad,Telangana,8,33249.05,5,265992.4,73992.4
2023-03-08,P007,Gaming Mouse RGB,Peripherals,Hyderabad,Telangana,7,2549.15,15,17844.05,9444.05
2023-03-08,P008,Laptop Stand Aluminum,Accessories,Mumbai,Maharashtra,4,1424.05,5,5696.2,3296.2
2023-03-09,P001,Laptop Pro X1,Electronics,Hyderabad,Telangana,8,63749.15,15,509993.2,93993.2
2023-03-09,P002,Smart Watch S3,Wearables,Delhi,Delhi,13,24999.0,0,324987.0,129987.0
2023-03-09,P003,Wireless Earbuds,Audio,Kolkata,West Bengal,5,4999.0,0,24995.0,12495.0
2023-03-09,P004,USB-C Hub 7-in-1,Accessories,Hyderabad,Telangana,4,1699.15,15,6796.6,3596.6
2023-03-09,P005,Mechanical Keyboard,Peripherals,Ahmedabad,Gujarat,9,7649.15,15,68842.35,28342.35
2023-03-09,P006,Monitor 27inch 4K,Electronics,Hyderabad,Telangana,4,33249.05,5,132996.2,36996.2
2023-03-09,P007,Gaming Mouse RGB,Peripherals,Hyderabad,Telangana,6,2999.0,0,17994.0,10794.0
2023-03-09,P008,Laptop Stand Aluminum,Accessories,Ahmedabad,Gujarat,8,1424.05,5,11392.4,6592.4
2023-03-10,P001,Laptop Pro X1,Electronics,Bangalore,Karnataka,11,74999.0,0,824989.0,252989.0
2023-03-10,P002,Smart Watch S3,Wearables,Ahmedabad,Gujarat,8,22499.1,10,179992.8,59992.8
2023-03-10,P003,Wireless Earbuds,Audio,Pune,Maharashtra,4,4499.1,10,17996.4,7996.4
2023-03-10,P004,USB-C Hub 7-in-1,Accessories,Hyderabad,Telangana,6,1699.15,15,10194.9,5394.9
2023-03-10,P005,Mechanical Keyboard,Peripherals,Hyderabad,Telangana,9,8999.0,0,80991.0,40491.0
2023-03-10,P006,Monitor 27inch 4K,Electronics,Ahmedabad,Gujarat,9,34999.0,0,314991.0,98991.0
2023-03-10,P007,Gaming Mouse RGB,Peripherals,Mumbai,Maharashtra,6,2699.1,10,16194.6,8994.6
2023-03-10,P008,Laptop Stand Aluminum,Accessories,Mumbai,Maharashtra,10,1349.1,10,13491.0,7491.0
2023-03-11,P001,Laptop Pro X1,Electronics,Kolkata,West Bengal,8,74999.0,0,599992.0,183992.0
2023-03-11,P002,Smart Watch S3,Wearables,Chennai,Tamil Nadu,5,22499.1,10,112495.5,37495.5
2023-03-11,P003,Wireless Earbuds,Audio,Pune,Maharashtra,5,4999.0,0,24995.0,12495.0
2023-03-11,P004,USB-C Hub 7-in-1,Accessories,Chennai,Tamil Nadu,11,1799.1,10,19790.1,10990.1
2023-03-11,P005,Mechanical Keyboard,Peripherals,Hyderabad,Telangana,12,7649.15,15,91789.8,37789.8
2023-03-11,P006,Monitor 27inch 4K,Electronics,Delhi,Delhi,14,29749.15,15,416488.1,80488.1
2023-03-11,P007,Gaming Mouse RGB,Peripherals,Bangalore,Karnataka,18,2549.15,15,45884.7,24284.7
2023-03-11,P008,Laptop Stand Aluminum,Accessories,Mumbai,Maharashtra,15,1499.0,0,22485.0,13485.0
2023-03-12,P001,Laptop Pro X1,Electronics,Kolkata,West Bengal,11,74999.0,0,824989.0,252989.0
2023-03-12,P002,Smart Watch S3,Wearables,Pune,Maharashtra,15,21249.15,15,318737.25,93737.25
2023-03-12,P003,Wireless Earbuds,Audio,Delhi,Delhi,1,4999.0,0,4999.0,2499.0
2023-03-12,P004,USB-C Hub 7-in-1,Accessories,Hyderabad,Telangana,19,1999.0,0,37981.0,22781.0
2023-03-12,P005,Mechanical Keyboard,Peripherals,Ahmedabad,Gujarat,14,8999.0,0,125986.0,62986.0
2023-03-12,P006,Monitor 27inch 4K,Electronics,Chennai,Tamil Nadu,12,34999.0,0,419988.0,131988.0
2023-03-12,P007,Gaming Mouse RGB,Peripherals,Pune,Maharashtra,14,2699.1,10,37787.4,20987.4
2023-03-12,P008,Laptop Stand Aluminum,Accessories,Hyderabad,Telangana,8,1499.0,0,11992.0,7192.0
2023-03-13,P001,Laptop Pro X1,Electronics,Hyderabad,Telangana,12,71249.05,5,854988.6,230988.6
2023-03-13,P002,Smart Watch S3,Wearables,Hyderabad,Telangana,6,21249.15,15,127494.9,37494.9
2023-03-13,P003,Wireless Earbuds,Audio,Pune,Maharashtra,11,4999.0,0,54989.0,27489.0
2023-03-13,P004,USB-C Hub 7-in-1,Accessories,Kolkata,West Bengal,7,1999.0,0,13993.0,8393.0
2023-03-13,P005,Mechanical Keyboard,Peripherals,Delhi,Delhi,7,8999.0,0,62993.0,31493.0
2023-03-13,P006,Monitor 27inch 4K,Electronics,Ahmedabad,Gujarat,7,31499.1,10,220493.7,52493.7
2023-03-13,P007,Gaming Mouse RGB,Peripherals,Pune,Maharashtra,3,2999.0,0,8997.0,5397.0
2023-03-13,P008,Laptop Stand Aluminum,Accessories,Ahmedabad,Gujarat,5,1499.0,0,7495.0,4495.0
2023-03-14,P001,Laptop Pro X1,Electronics,Hyderabad,Telangana,7,67499.1,10,472493.7,108493.7
2023-03-14,P002,Smart Watch S3,Wearables,Bangalore,Karnataka,14,23749.05,5,332486.7,122486.7
2023-03-14,P003,Wireless Earbuds,Audio,Pune,Maharashtra,9,4249.15,15,38242.35,15742.35
2023-03-14,P004,USB-C Hub 7-in-1,Accessories,Hyderabad,Telangana,4,1799.1,10,7196.4,3996.4
2023-03-14,P005,Mechanical Keyboard,Peripherals,Ahmedabad,Gujarat,12,7649.15,15,91789.8,37789.8
2023-03-14,P006,Monitor 27inch 4K,Electronics,Pune,Maharashtra,9,34999.0,0,314991.0,98991.0
2023-03-14,P007,Gaming Mouse RGB,Peripherals,Chennai,Tamil Nadu,5,2849.05,5,14245.25,8245.25
2023-03-14,P008,Laptop Stand Aluminum,Accessories,Mumbai,Maharashtra,5,1349.1,10,6745.5,3745.5
2023-03-15,P001,Laptop Pro X1,Electronics,Pune,Maharashtra,7,67499.1,10,472493.7,108493.7
2023-03-15,P002,Smart Watch S3,Wearables,Chennai,Tamil Nadu,13,21249.15,15,276238.95,81238.95
2023-03-15,P003,Wireless Earbuds,Audio,Bangalore,Karnataka,10,4249.15,15,42491.5,17491.5
2023-03-15,P004,USB-C Hub 7-in-1,Accessories,Kolkata,West Bengal,10,1699.15,15,16991.5,8991.5
2023-03-15,P005,Mechanical Keyboard,Peripherals,Hyderabad,Telangana,5,7649.15,15,38245.75,15745.75
2023-03-15,P006,Monitor 27inch 4K,Electronics,Ahmedabad,Gujarat,7,34999.0,0,244993.0,76993.0
2023-03-15,P007,Gaming Mouse RGB,Peripherals,Delhi,Delhi,5,2999.0,0,14995.0,8995.0
2023-03-15,P008,Laptop Stand Aluminum,Accessories,Mumbai,Maharashtra,11,1499.0,0,16489.0,9889.0
2023-03-16,P001,Laptop Pro X1,Electronics,Kolkata,West Bengal,7,74999.0,0,524993.0,160993.0
2023-03-16,P002,Smart Watch S3,Wearables,Bangalore,Karnataka,9,24999.0,0,224991.0,89991.0
2023-03-16,P003,Wireless Earbuds,Audio,Delhi,Delhi,7,4749.05,5,33243.35,15743.35
2023-03-16,P004,USB-C Hub 7-in-1,Accessories,Kolkata,West Bengal,8,1999.0,0,15992.0,9592.0
2023-03-16,P005,Mechanical Keyboard,Peripherals,Ahmedabad,Gujarat,6,8099.1,10,48594.6,21594.6
2023-03-16,P006,Monitor 27inch 4K,Electronics,Delhi,Delhi,2,33249.05,5,66498.1,18498.1
2023-03-16,P007,Gaming Mouse RGB,Peripherals,Bangalore,Karnataka,6,2849.05,5,17094.3,9894.3
2023-03-16,P008,Laptop Stand Aluminum,Accessories,Ahmedabad,Gujarat,6,1499.0,0,8994.0,5394.0
2023-03-17,P001,Laptop Pro X1,Electronics,Mumbai,Maharashtra,12,63749.15,15,764989.8,140989.8
2023-03-17,P002,Smart Watch S3,Wearables,Pune,Maharashtra,5,24999.0,0,124995.0,49995.0
2023-03-17,P003,Wireless Earbuds,Audio,Kolkata,West Bengal,5,4749.05,5,23745.25,11245.25
2023-03-17,P004,USB-C Hub 7-in-1,Accessories,Chennai,Tamil Nadu,6,1999.0,0,11994.0,7194.0
2023-03-17,P005,Mechanical Keyboard,Peripherals,Bangalore,Karnataka,6,7649.15,15,45894.9,18894.9
2023-03-17,P006,Monitor 27inch 4K,Electronics,Pune,Maharashtra,9,31499.1,10,283491.9,67491.9
2023-03-17,P007,Gaming Mouse RGB,Peripherals,Pune,Maharashtra,12,2999.0,0,35988.0,21588.0
2023-03-17,P008,Laptop Stand Aluminum,Accessories,Ahmedabad,Gujarat,10,1499.0,0,14990.0,8990.0
2023-03-18,P001,Laptop Pro X1,Electronics,Chennai,Tamil Nadu,7,74999.0,0,524993.0,160993.0
2023-03-18,P002,Smart Watch S3,Wearables,Kolkata,West Bengal,14,24999.0,0,349986.0,139986.0
2023-03-18,P003,Wireless Earbuds,Audio,Chennai,Tamil Nadu,16,4249.15,15,67986.4,27986.4
2023-03-18,P004,USB-C Hub 7-in-1,Accessories,Mumbai,Maharashtra,5,1999.0,0,9995.0,5995.0
2023-03-18,P005,Mechanical Keyboard,Peripherals,Pune,Maharashtra,11,8999.0,0,98989.0,49489.0
2023-03-18,P006,Monitor 27inch 4K,Electronics,Delhi,Delhi,11,31499.1,10,346490.1,82490.1
2023-03-18,P007,Gaming Mouse RGB,Peripherals,Chennai,Tamil Nadu,9,2999.0,0,26991.0,16191.0
2023-03-18,P008,Laptop Stand Aluminum,Accessories,Chennai,Tamil Nadu,8,1349.1,10,10792.8,5992.8
2023-03-19,P001,Laptop Pro X1,Electronics,Chennai,Tamil Nadu,8,74999.0,0,599992.0,183992.0
2023-03-19,P002,Smart Watch S3,Wearables,Pune,Maharashtra,11,24999.0,0,274989.0,109989.0
2023-03-19,P003,Wireless Earbuds,Audio,Mumbai,Maharashtra,12,4999.0,0,59988.0,29988.0
2023-03-19,P004,USB-C Hub 7-in-1,Accessories,Delhi,Delhi,15,1999.0,0,29985.0,17985.0
2023-03-19,P005,Mechanical Keyboard,Peripherals,Hyderabad,Telangana,15,8999.0,0,134985.0,67485.0
2023-03-19,P006,Monitor 27inch 4K,Electronics,Bangalore,Karnataka,8,29749.15,15,237993.2,45993.2
2023-03-19,P007,Gaming Mouse RGB,Peripherals,Mumbai,Maharashtra,11,2999.0,0,32989.0,19789.0
2023-03-19,P008,Laptop Stand Aluminum,Accessories,Mumbai,Maharashtra,14,1499.0,0,20986.0,12586.0
2023-03-20,P001,Laptop Pro X1,Electronics,Chennai,Tamil Nadu,6,67499.1,10,404994.6,92994.6
2023-03-20,P002,Smart Watch S3,Wearables,Pune,Maharashtra,7,24999.0,0,174993.0,69993.0
2023-03-20,P003,Wireless Earbuds,Audio,Delhi,Delhi,6,4999.0,0,29994.0,14994.0
2023-03-20,P004,USB-C Hub 7-in-1,Accessories,Mumbai,Maharashtra,8,1999.0,0,15992.0,9592.0
2023-03-20,P005,Mechanical Keyboard,Peripherals,Ahmedabad,Gujarat,8,8099.1,10,64792.8,28792.8
2023-03-20,P006,Monitor 27inch 4K,Electronics,Bangalore,Karnataka,13,29749.15,15,386738.95,74738.95
2023-03-20,P007,Gaming Mouse RGB,Peripherals,Bangalore,Karnataka,5,2849.05,5,14245.25,8245.25
2023-03-20,P008,Laptop Stand Aluminum,Accessories,Kolkata,West Bengal,9,1499.0,0,13491.0,8091.0
2023-03-21,P001,Laptop Pro X1,Electronics,Bangalore,Karnataka,8,71249.05,5,569992.4,153992.4
2023-03-21,P002,Smart Watch S3,Wearables,Chennai,Tamil Nadu,11,22499.1,10,247490.1,82490.1
2023-03-21,P003,Wireless Earbuds,Audio,Mumbai,Maharashtra,7,4249.15,15,29744.05,12244.05
2023-03-21,P004,USB-C Hub 7-in-1,Accessories,Hyderabad,Telangana,8,1899.05,5,15192.4,8792.4
2023-03-21,P005,Mechanical Keyboard,Peripherals,Mumbai,Maharashtra,4,8999.0,0,35996.0,17996.0
2023-03-21,P006,Monitor 27inch 4K,Electronics,Kolkata,West Bengal,7,33249.05,5,232743.35,64743.35
2023-03-21,P007,Gaming Mouse RGB,Peripherals,Ahmedabad,Gujarat,8,2549.15,15,20393.2,10793.2
2023-03-21,P008,Laptop Stand Aluminum,Accessories,Bangalore,Karnataka,12,1424.05,5,17088.6,9888.6
2023-03-22,P001,Laptop Pro X1,Electronics,Kolkata,West Bengal,8,74999.0,0,599992.0,183992.0
2023-03-22,P002,Smart Watch S3,Wearables,Bangalore,Karnataka,7,24999.0,0,174993.0,69993.0
2023-03-22,P003,Wireless Earbuds,Audio,Delhi,Delhi,9,4999.0,0,44991.0,22491.0
2023-03-22,P004,USB-C Hub 7-in-1,Accessories,Delhi,Delhi,9,1999.0,0,17991.0,10791.0
2023-03-22,P005,Mechanical Keyboard,Peripherals,Pune,Maharashtra,10,8549.05,5,85490.5,40490.5
2023-03-22,P006,Monitor 27inch 4K,Electronics,Hyderabad,Telangana,4,33249.05,5,132996.2,36996.2
2023-03-22,P007,Gaming Mouse RGB,Peripherals,Ahmedabad,Gujarat,5,2999.0,0,14995.0,8995.0
2023-03-22,P008,Laptop Stand Aluminum,Accessories,Bangalore,Karnataka,10,1274.15,15,12741.5,6741.5
2023-03-23,P001,Laptop Pro X1,Electronics,Chennai,Tamil Nadu,13,71249.05,5,926237.65,250237.65
2023-03-23,P002,Smart Watch S3,Wearables,Kolkata,West Bengal,13,24999.0,0,324987.0,129987.0
2023-03-23,P003,Wireless Earbuds,Audio,Ahmedabad,Gujarat,7,4999.0,0,34993.0,17493.0
2023-03-23,P004,USB-C Hub 7-in-1,Accessories,Kolkata,West Bengal,8,1899.05,5,15192.4,8792.4
2023-03-23,P005,Mechanical Keyboard,Peripherals,Ahmedabad,Gujarat,6,7649.15,15,45894.9,18894.9
2023-03-23,P006,Monitor 27inch 4K,Electronics,Bangalore,Karnataka,10,34999.0,0,349990.0,109990.0
2023-03-23,P007,Gaming Mouse RGB,Peripherals,Ahmedabad,Gujarat,8,2999.0,0,23992.0,14392.0
2023-03-23,P008,Laptop Stand Aluminum,Accessories,Hyderabad,Telangana,5,1499.0,0,7495.0,4495.0
2023-03-24,P001,Laptop Pro X1,Electronics,Delhi,Delhi,10,63749.15,15,637491.5,117491.5
2023-03-24,P002,Smart Watch S3,Wearables,Kolkata,West Bengal,13,24999.0,0,324987.0,129987.0
2023-03-24,P003,Wireless Earbuds,Audio,Bangalore,Karnataka,3,4999.0,0,14997.0,7497.0
2023-03-24,P004,USB-C Hub 7-in-1,Accessories,Bangalore,Karnataka,10,1899.05,5,18990.5,10990.5
2023-03-24,P005,Mechanical Keyboard,Peripherals,Bangalore,Karnataka,1,7649.15,15,7649.15,3149.15
2023-03-24,P006,Monitor 27inch 4K,Electronics,Pune,Maharashtra,5,34999.0,0,174995.0,54995.0
2023-03-24,P007,Gaming Mouse RGB,Peripherals,Mumbai,Maharashtra,10,2699.1,10,26991.0,14991.0
2023-03-24,P008,Laptop Stand Aluminum,Accessories,Pune,Maharashtra,13,1274.15,15,16563.95,8763.95
2023-03-25,P001,Laptop Pro X1,Electronics,Bangalore,Karnataka,15,71249.05,5,1068735.75,288735.75
2023-03-25,P002,Smart Watch S3,Wearables,Pune,Maharashtra,8,21249.15,15,169993.2,49993.2
2023-03-25,P003,Wireless Earbuds,Audio,Ahmedabad,Gujarat,12,4249.15,15,50989.8,20989.8
2023-03-25,P004,USB-C Hub 7-in-1,Accessories,Mumbai,Maharashtra,15,1999.0,0,29985.0,17985.0
2023-03-25,P005,Mechanical Keyboard,Peripherals,Hyderabad,Telangana,11,8999.0,0,98989.0,49489.0
2023-03-25,P006,Monitor 27inch 4K,Electronics,Bangalore,Karnataka,8,31499.1,10,251992.8,59992.8
2023-03-25,P007,Gaming Mouse RGB,Peripherals,Chennai,Tamil Nadu,5,2999.0,0,14995.0,8995.0
2023-03-25,P008,Laptop Stand Aluminum,Accessories,Kolkata,West Bengal,14,1499.0,0,20986.0,12586.0
2023-03-26,P001,Laptop Pro X1,Electronics,Bangalore,Karnataka,18,74999.0,0,1349982.0,413982.0
2023-03-26,P002,Smart Watch S3,Wearables,Pune,Maharashtra,8,24999.0,0,199992.0,79992.0
2023-03-26,P003,Wireless Earbuds,Audio,Hyderabad,Telangana,8,4499.1,10,35992.8,15992.8
2023-03-26,P004,USB-C Hub 7-in-1,Accessories,Chennai,Tamil Nadu,11,1899.05,5,20889.55,12089.55
2023-03-26,P005,Mechanical Keyboard,Peripherals,Mumbai,Maharashtra,11,8099.1,10,89090.1,39590.1
2023-03-26,P006,Monitor 27inch 4K,Electronics,Hyderabad,Telangana,14,34999.0,0,489986.0,153986.0
2023-03-26,P007,Gaming Mouse RGB,Peripherals,Delhi,Delhi,9,2999.0,0,26991.0,16191.0
2023-03-26,P008,Laptop Stand Aluminum,Accessories,Hyderabad,Telangana,11,1499.0,0,16489.0,9889.0
2023-03-27,P001,Laptop Pro X1,Electronics,Pune,Maharashtra,8,74999.0,0,599992.0,183992.0
2023-03-27,P002,Smart Watch S3,Wearables,Delhi,Delhi,13,24999.0,0,324987.0,129987.0
2023-03-27,P003,Wireless Earbuds,Audio,Ahmedabad,Gujarat,8,4999.0,0,39992.0,19992.0
2023-03-27,P004,USB-C Hub 7-in-1,Accessories,Delhi,Delhi,6,1699.15,15,10194.9,5394.9
2023-03-27,P005,Mechanical Keyboard,Peripherals,Mumbai,Maharashtra,9,8999.0,0,80991.0,40491.0
2023-03-27,P006,Monitor 27inch 4K,Electronics,Chennai,Tamil Nadu,6,33249.05,5,199494.3,55494.3
2023-03-27,P007,Gaming Mouse RGB,Peripherals,Ahmedabad,Gujarat,7,2849.05,5,19943.35,11543.35
2023-03-27,P008,Laptop Stand Aluminum,Accessories,Pune,Maharashtra,6,1499.0,0,8994.0,5394.0
2023-03-28,P001,Laptop Pro X1,Electronics,Pune,Maharashtra,12,74999.0,0,899988.0,275988.0
2023-03-28,P002,Smart Watch S3,Wearables,Pune,Maharashtra,4,22499.1,10,89996.4,29996.4
2023-03-28,P003,Wireless Earbuds,Audio,Bangalore,Karnataka,7,4999.0,0,34993.0,17493.0
2023-03-28,P004,USB-C Hub 7-in-1,Accessories,Delhi,Delhi,6,1999.0,0,11994.0,7194.0
2023-03-28,P005,Mechanical Keyboard,Peripherals,Mumbai,Maharashtra,10,7649.15,15,76491.5,31491.5
2023-03-28,P006,Monitor 27inch 4K,Electronics,Bangalore,Karnataka,3,34999.0,0,104997.0,32997.0
2023-03-28,P007,Gaming Mouse RGB,Peripherals,Kolkata,West Bengal,7,2549.15,15,17844.05,9444.05
2023-03-28,P008,Laptop Stand Aluminum,Accessories,Ahmedabad,Gujarat,6,1424.05,5,8544.3,4944.3
2023-03-29,P001,Laptop Pro X1,Electronics,Kolkata,West Bengal,7,71249.05,5,498743.35,134743.35
2023-03-29,P002,Smart Watch S3,Wearables,Hyderabad,Telangana,5,24999.0,0,124995.0,49995.0
2023-03-29,P003,Wireless Earbuds,Audio,Bangalore,Karnataka,10,4999.0,0,49990.0,24990.0
2023-03-29,P004,USB-C Hub 7-in-1,Accessories,Ahmedabad,Gujarat,8,1999.0,0,15992.0,9592.0
2023-03-29,P005,Mechanical Keyboard,Peripherals,Hyderabad,Telangana,6,7649.15,15,45894.9,18894.9
2023-03-29,P006,Monitor 27inch 4K,Electronics,Kolkata,West Bengal,7,31499.1,10,220493.7,52493.7
2023-03-29,P007,Gaming Mouse RGB,Peripherals,Hyderabad,Telangana,6,2999.0,0,17994.0,10794.0
2023-03-29,P008,Laptop Stand Aluminum,Accessories,Chennai,Tamil Nadu,14,1424.05,5,19936.7,11536.7
2023-03-30,P001,Laptop Pro X1,Electronics,Mumbai,Maharashtra,9,74999.0,0,674991.0,206991.0
2023-03-30,P002,Smart Watch S3,Wearables,Chennai,Tamil Nadu,7,24999.0,0,174993.0,69993.0
2023-03-30,P003,Wireless Earbuds,Audio,Chennai,Tamil Nadu,8,4999.0,0,39992.0,19992.0
2023-03-30,P004,USB-C Hub 7-in-1,Accessories,Hyderabad,Telangana,8,1999.0,0,15992.0,9592.0
2023-03-30,P005,Mechanical Keyboard,Peripherals,Pune,Maharashtra,12,8999.0,0,107988.0,53988.0
2023-03-30,P006,Monitor 27inch 4K,Electronics,Mumbai,Maharashtra,10,33249.05,5,332490.5,92490.5
2023-03-30,P007,Gaming Mouse RGB,Peripherals,Ahmedabad,Gujarat,11,2999.0,0,32989.0,19789.0
2023-03-30,P008,Laptop Stand Aluminum,Accessories,Delhi,Delhi,9,1424.05,5,12816.45,7416.45
2023-03-31,P001,Laptop Pro X1,Electronics,Chennai,Tamil Nadu,5,67499.1,10,337495.5,77495.5
2023-03-31,P002,Smart Watch S3,Wearables,Pune,Maharashtra,6,24999.0,0,149994.0,59994.0
2023-03-31,P003,Wireless Earbuds,Audio,Ahmedabad,Gujarat,8,4249.15,15,33993.2,13993.2
2023-03-31,P004,USB-C Hub 7-in-1,Accessories,Mumbai,Maharashtra,6,1899.05,5,11394.3,6594.3
2023-03-31,P005,Mechanical Keyboard,Peripherals,Mumbai,Maharashtra,10,8549.05,5,85490.5,40490.5
2023-03-31,P006,Monitor 27inch 4K,Electronics,Bangalore,Karnataka,10,34999.0,0,349990.0,109990.0
2023-03-31,P007,Gaming Mouse RGB,Peripherals,Ahmedabad,Gujarat,7,2699.1,10,18893.7,10493.7
2023-03-31,P008,Laptop Stand Aluminum,Accessories,Ahmedabad,Gujarat,8,1274.15,15,10193.2,5393.2
2023-04-01,P001,Laptop Pro X1,Electronics,Ahmedabad,Gujarat,16,74999.0,0,1199984.0,367984.0
2023-04-01,P002,Smart Watch S3,Wearables,Bangalore,Karnataka,11,23749.05,5,261239.55,96239.55
2023-04-01,P003,Wireless Earbuds,Audio,Mumbai,Maharashtra,11,4999.0,0,54989.0,27489.0
2023-04-01,P004,USB-C Hub 7-in-1,Accessories,Delhi,Delhi,16,1799.1,10,28785.6,15985.6
2023-04-01,P005,Mechanical Keyboard,Peripherals,Kolkata,West Bengal,7,7649.15,15,53544.05,22044.05
2023-04-01,P006,Monitor 27inch 4K,Electronics,Pune,Maharashtra,8,34999.0,0,279992.0,87992.0
2023-04-01,P007,Gaming Mouse RGB,Peripherals,Ahmedabad,Gujarat,12,2999.0,0,35988.0,21588.0
2023-04-01,P008,Laptop Stand Aluminum,Accessories,Chennai,Tamil Nadu,11,1424.05,5,15664.55,9064.55
2023-04-02,P001,Laptop Pro X1,Electronics,Ahmedabad,Gujarat,18,67499.1,10,1214983.8,278983.8
2023-04-02,P002,Smart Watch S3,Wearables,Bangalore,Karnataka,7,23749.05,5,166243.35,61243.35
2023-04-02,P003,Wireless Earbuds,Audio,Hyderabad,Telangana,11,4249.15,15,46740.65,19240.65
2023-04-02,P004,USB-C Hub 7-in-1,Accessories,Pune,Maharashtra,5,1999.0,0,9995.0,5995.0
2023-04-02,P005,Mechanical Keyboard,Peripherals,Pune,Maharashtra,4,8999.0,0,35996.0,17996.0
2023-04-02,P006,Monitor 27inch 4K,Electronics,Bangalore,Karnataka,18,31499.1,10,566983.8,134983.8
2023-04-02,P007,Gaming Mouse RGB,Peripherals,Bangalore,Karnataka,8,2699.1,10,21592.8,11992.8
2023-04-02,P008,Laptop Stand Aluminum,Accessories,Chennai,Tamil Nadu,9,1499.0,0,13491.0,8091.0
2023-04-03,P001,Laptop Pro X1,Electronics,Pune,Maharashtra,10,63749.15,15,637491.5,117491.5
2023-04-03,P002,Smart Watch S3,Wearables,Delhi,Delhi,7,24999.0,0,174993.0,69993.0
2023-04-03,P003,Wireless Earbuds,Audio,Bangalore,Karnataka,8,4999.0,0,39992.0,19992.0
2023-04-03,P004,USB-C Hub 7-in-1,Accessories,Hyderabad,Telangana,8,1999.0,0,15992.0,9592.0
2023-04-03,P005,Mechanical Keyboard,Peripherals,Delhi,Delhi,7,8099.1,10,56693.7,25193.7
2023-04-03,P006,Monitor 27inch 4K,Electronics,Delhi,Delhi,8,29749.15,15,237993.2,45993.2
2023-04-03,P007,Gaming Mouse RGB,Peripherals,Bangalore,Karnataka,8,2999.0,0,23992.0,14392.0
2023-04-03,P008,Laptop Stand Aluminum,Accessories,Kolkata,West Bengal,9,1424.05,5,12816.45,7416.45
2023-04-04,P001,Laptop Pro X1,Electronics,Kolkata,West Bengal,6,63749.15,15,382494.9,70494.9
2023-04-04,P002,Smart Watch S3,Wearables,Pune,Maharashtra,8,21249.15,15,169993.2,49993.2
2023-04-04,P003,Wireless Earbuds,Audio,Pune,Maharashtra,11,4999.0,0,54989.0,27489.0
2023-04-04,P004,USB-C Hub 7-in-1,Accessories,Kolkata,West Bengal,12,1999.0,0,23988.0,14388.0
2023-04-04,P005,Mechanical Keyboard,Peripherals,Kolkata,West Bengal,7,8549.05,5,59843.35,28343.35
2023-04-04,P006,Monitor 27inch 4K,Electronics,Hyderabad,Telangana,9,34999.0,0,314991.0,98991.0
2023-04-04,P007,Gaming Mouse RGB,Peripherals,Mumbai,Maharashtra,6,2999.0,0,17994.0,10794.0
2023-04-04,P008,Laptop Stand Aluminum,Accessories,Bangalore,Karnataka,9,1499.0,0,13491.0,8091.0
2023-04-05,P001,Laptop Pro X1,Electronics,Kolkata,West Bengal,5,71249.05,5,356245.25,96245.25
2023-04-05,P002,Smart Watch S3,Wearables,Mumbai,Maharashtra,13,24999.0,0,324987.0,129987.0
2023-04-05,P003,Wireless Earbuds,Audio,Pune,Maharashtra,12,4999.0,0,59988.0,29988.0
2023-04-05,P004,USB-C Hub 7-in-1,Accessories,Bangalore,Karnataka,8,1699.15,15,13593.2,7193.2
2023-04-05,P005,Mechanical Keyboard,Peripherals,Bangalore,Karnataka,8,8099.1,10,64792.8,28792.8
2023-04-05,P006,Monitor 27inch 4K,Electronics,Ahmedabad,Gujarat,5,33249.05,5,166245.25,46245.25
2023-04-05,P007,Gaming Mouse RGB,Peripherals,Mumbai,Maharashtra,9,2849.05,5,25641.45,14841.45
2023-04-05,P008,Laptop Stand Aluminum,Accessories,Chennai,Tamil Nadu,3,1499.0,0,4497.0,2697.0
2023-04-06,P001,Laptop Pro X1,Electronics,Kolkata,West Bengal,8,67499.1,10,539992.8,123992.8
2023-04-06,P002,Smart Watch S3,Wearables,Delhi,Delhi,10,24999.0,0,249990.0,99990.0
2023-04-06,P003,Wireless Earbuds,Audio,Kolkata,West Bengal,8,4999.0,0,39992.0,19992.0
2023-04-06,P004,USB-C Hub 7-in-1,Accessories,Pune,Maharashtra,13,1699.15,15,22088.95,11688.95
2023-04-06,P005,Mechanical Keyboard,Peripherals,Bangalore,Karnataka,3,8099.1,10,24297.3,10797.3
2023-04-06,P006,Monitor 27inch 4K,Electronics,Delhi,Delhi,9,34999.0,0,314991.0,98991.0
2023-04-06,P007,Gaming Mouse RGB,Peripherals,Chennai,Tamil Nadu,4,2549.15,15,10196.6,5396.6
2023-04-06,P008,Laptop Stand Aluminum,Accessories,Kolkata,West Bengal,12,1424.05,5,17088.6,9888.6
2023-04-07,P001,Laptop Pro X1,Electronics,Delhi,Delhi,8,74999.0,0,599992.0,183992.0
2023-04-07,P002,Smart Watch S3,Wearables,Pune,Maharashtra,6,24999.0,0,149994.0,59994.0
2023-04-07,P003,Wireless Earbuds,Audio,Ahmedabad,Gujarat,8,4749.05,5,37992.4,17992.4
2023-04-07,P004,USB-C Hub 7-in-1,Accessories,Pune,Maharashtra,8,1699.15,15,13593.2,7193.2
2023-04-07,P005,Mechanical Keyboard,Peripherals,Mumbai,Maharashtra,7,7649.15,15,53544.05,22044.05
2023-04-07,P006,Monitor 27inch 4K,Electronics,Pune,Maharashtra,9,34999.0,0,314991.0,98991.0
2023-04-07,P007,Gaming Mouse RGB,Peripherals,Pune,Maharashtra,9,2999.0,0,26991.0,16191.0
2023-04-07,P008,Laptop Stand Aluminum,Accessories,Ahmedabad,Gujarat,6,1499.0,0,8994.0,5394.0
2023-04-08,P001,Laptop Pro X1,Electronics,Hyderabad,Telangana,7,63749.15,15,446244.05,82244.05
2023-04-08,P002,Smart Watch S3,Wearables,Delhi,Delhi,9,24999.0,0,224991.0,89991.0
2023-04-08,P003,Wireless Earbuds,Audio,Bangalore,Karnataka,11,4499.1,10,49490.1,21990.1
2023-04-08,P004,USB-C Hub 7-in-1,Accessories,Delhi,Delhi,11,1999.0,0,21989.0,13189.0
2023-04-08,P005,Mechanical Keyboard,Peripherals,Hyderabad,Telangana,9,7649.15,15,68842.35,28342.35
2023-04-08,P006,Monitor 27inch 4K,Electronics,Ahmedabad,Gujarat,11,34999.0,0,384989.0,120989.0
2023-04-08,P007,Gaming Mouse RGB,Peripherals,Bangalore,Karnataka,7,2999.0,0,20993.0,12593.0
2023-04-08,P008,Laptop Stand Aluminum,Accessories,Ahmedabad,Gujarat,16,1274.15,15,20386.4,10786.4
2023-04-09,P001,Laptop Pro X1,Electronics,Pune,Maharashtra,9,74999.0,0,674991.0,206991.0
2023-04-09,P002,Smart Watch S3,Wearables,Bangalore,Karnataka,14,21249.15,15,297488.1,87488.1
2023-04-09,P003,Wireless Earbuds,Audio,Ahmedabad,Gujarat,7,4499.1,10,31493.7,13993.7
2023-04-09,P004,USB-C Hub 7-in-1,Accessories,Pune,Maharashtra,11,1999.0,0,21989.0,13189.0
2023-04-09,P005,Mechanical Keyboard,Peripherals,Pune,Maharashtra,8,8999.0,0,71992.0,35992.0
2023-04-09,P006,Monitor 27inch 4K,Electronics,Delhi,Delhi,8,34999.0,0,279992.0,87992.0
2023-04-09,P007,Gaming Mouse RGB,Peripherals,Pune,Maharashtra,15,2849.05,5,42735.75,24735.75
2023-04-09,P008,Laptop Stand Aluminum,Accessories,Chennai,Tamil Nadu,14,1499.0,0,20986.0,12586.0
2023-04-10,P001,Laptop Pro X1,Electronics,Delhi,Delhi,9,74999.0,0,674991.0,206991.0
2023-04-10,P002,Smart Watch S3,Wearables,Bangalore,Karnataka,9,24999.0,0,224991.0,89991.0
2023-04-10,P003,Wireless Earbuds,Audio,Bangalore,Karnataka,9,4499.1,10,40491.9,17991.9
2023-04-10,P004,USB-C Hub 7-in-1,Accessories,Mumbai,Maharashtra,5,1699.15,15,8495.75,4495.75
2023-04-10,P005,Mechanical Keyboard,Peripherals,Pune,Maharashtra,11,8099.1,10,89090.1,39590.1
2023-04-10,P006,Monitor 27inch 4K,Electronics,Delhi,Delhi,7,31499.1,10,220493.7,52493.7
2023-04-10,P007,Gaming Mouse RGB,Peripherals,Ahmedabad,Gujarat,6,2999.0,0,17994.0,10794.0
2023-04-10,P008,Laptop Stand Aluminum,Accessories,Delhi,Delhi,5,1499.0,0,7495.0,4495.0
2023-04-11,P001,Laptop Pro X1,Electronics,Delhi,Delhi,10,63749.15,15,637491.5,117491.5
2023-04-11,P002,Smart Watch S3,Wearables,Kolkata,West Bengal,8,24999.0,0,199992.0,79992.0
2023-04-11,P003,Wireless Earbuds,Audio,Ahmedabad,Gujarat,10,4999.0,0,49990.0,24990.0
2023-04-11,P004,USB-C Hub 7-in-1,Accessories,Chennai,Tamil Nadu,9,1899.05,5,17091.45,9891.45
2023-04-11,P005,Mechanical Keyboard,Peripherals,Hyderabad,Telangana,10,7649.15,15,76491.5,31491.5
2023-04-11,P006,Monitor 27inch 4K,Electronics,Kolkata,West Bengal,9,34999.0,0,314991.0,98991.0
2023-04-11,P007,Gaming Mouse RGB,Peripherals,Chennai,Tamil Nadu,9,2999.0,0,26991.0,16191.0
2023-04-11,P008,Laptop Stand Aluminum,Accessories,Kolkata,West Bengal,11,1499.0,0,16489.0,9889.0
2023-04-12,P001,Laptop Pro X1,Electronics,Pune,Maharashtra,10,63749.15,15,637491.5,117491.5
2023-04-12,P002,Smart Watch S3,Wearables,Kolkata,West Bengal,7,23749.05,5,166243.35,61243.35
2023-04-12,P003,Wireless Earbuds,Audio,Hyderabad,Telangana,9,4749.05,5,42741.45,20241.45
2023-04-12,P004,USB-C Hub 7-in-1,Accessories,Ahmedabad,Gujarat,9,1999.0,0,17991.0,10791.0
2023-04-12,P005,Mechanical Keyboard,Peripherals,Chennai,Tamil Nadu,2,8099.1,10,16198.2,7198.2
2023-04-12,P006,Monitor 27inch 4K,Electronics,Delhi,Delhi,11,34999.0,0,384989.0,120989.0
2023-04-12,P007,Gaming Mouse RGB,Peripherals,Mumbai,Maharashtra,9,2549.15,15,22942.35,12142.35
2023-04-12,P008,Laptop Stand Aluminum,Accessories,Kolkata,West Bengal,5,1499.0,0,7495.0,4495.0
2023-04-13,P001,Laptop Pro X1,Electronics,Bangalore,Karnataka,2,63749.15,15,127498.3,23498.3
2023-04-13,P002,Smart Watch S3,Wearables,Bangalore,Karnataka,6,24999.0,0,149994.0,59994.0
2023-04-13,P003,Wireless Earbuds,Audio,Bangalore,Karnataka,6,4999.0,0,29994.0,14994.0
2023-04-13,P004,USB-C Hub 7-in-1,Accessories,Hyderabad,Telangana,6,1899.05,5,11394.3,6594.3
2023-04-13,P005,Mechanical Keyboard,Peripherals,Delhi,Delhi,8,8549.05,5,68392.4,32392.4
2023-04-13,P006,Monitor 27inch 4K,Electronics,Bangalore,Karnataka,7,34999.0,0,244993.0,76993.0
2023-04-13,P007,Gaming Mouse RGB,Peripherals,Kolkata,West Bengal,7,2999.0,0,20993.0,12593.0
2023-04-13,P008,Laptop Stand Aluminum,Accessories,Mumbai,Maharashtra,6,1424.05,5,8544.3,4944.3
2023-04-14,P001,Laptop Pro X1,Electronics,Mumbai,Maharashtra,8,71249.05,5,569992.4,153992.4
2023-04-14,P002,Smart Watch S3,Wearables,Pune,Maharashtra,9,24999.0,0,224991.0,89991.0
2023-04-14,P003,Wireless Earbuds,Audio,Ahmedabad,Gujarat,8,4999.0,0,39992.0,19992.0
2023-04-14,P004,USB-C Hub 7-in-1,Accessories,Pune,Maharashtra,7,1999.0,0,13993.0,8393.0
2023-04-14,P005,Mechanical Keyboard,Peripherals,Mumbai,Maharashtra,12,8999.0,0,107988.0,53988.0
2023-04-14,P006,Monitor 27inch 4K,Electronics,Bangalore,Karnataka,8,29749.15,15,237993.2,45993.2
2023-04-14,P007,Gaming Mouse RGB,Peripherals,Pune,Maharashtra,6,2999.0,0,17994.0,10794.0
2023-04-14,P008,Laptop Stand Aluminum,Accessories,Delhi,Delhi,9,1499.0,0,13491.0,8091.0
2023-04-15,P001,Laptop Pro X1,Electronics,Hyderabad,Telangana,9,71249.05,5,641241.45,173241.45
2023-04-15,P002,Smart Watch S3,Wearables,Delhi,Delhi,11,21249.15,15,233740.65,68740.65
2023-04-15,P003,Wireless Earbuds,Audio,Kolkata,West Bengal,12,4749.05,5,56988.6,26988.6
2023-04-15,P004,USB-C Hub 7-in-1,Accessories,Mumbai,Maharashtra,9,1999.0,0,17991.0,10791.0
2023-04-15,P005,Mechanical Keyboard,Peripherals,Mumbai,Maharashtra,9,8999.0,0,80991.0,40491.0
2023-04-15,P006,Monitor 27inch 4K,Electronics,Chennai,Tamil Nadu,8,34999.0,0,279992.0,87992.0
2023-04-15,P007,Gaming Mouse RGB,Peripherals,Ahmedabad,Gujarat,9,2999.0,0,26991.0,16191.0
2023-04-15,P008,Laptop Stand Aluminum,Accessories,Hyderabad,Telangana,14,1499.0,0,20986.0,12586.0
2023-04-16,P001,Laptop Pro X1,Electronics,Hyderabad,Telangana,14,74999.0,0,1049986.0,321986.0
2023-04-16,P002,Smart Watch S3,Wearables,Mumbai,Maharashtra,9,24999.0,0,224991.0,89991.0
2023-04-16,P003,Wireless Earbuds,Audio,Ahmedabad,Gujarat,14,4249.15,15,59488.1,24488.1
2023-04-16,P004,USB-C Hub 7-in-1,Accessories,Kolkata,West Bengal,8,1999.0,0,15992.0,9592.0
2023-04-16,P005,Mechanical Keyboard,Peripherals,Bangalore,Karnataka,11,8549.05,5,94039.55,44539.55
2023-04-16,P006,Monitor 27inch 4K,Electronics,Mumbai,Maharashtra,9,29749.15,15,267742.35,51742.35
2023-04-16,P007,Gaming Mouse RGB,Peripherals,Chennai,Tamil Nadu,9,2549.15,15,22942.35,12142.35
2023-04-16,P008,Laptop Stand Aluminum,Accessories,Delhi,Delhi,11,1499.0,0,16489.0,9889.0
2023-04-17,P001,Laptop Pro X1,Electronics,Ahmedabad,Gujarat,9,74999.0,0,674991.0,206991.0
2023-04-17,P002,Smart Watch S3,Wearables,Pune,Maharashtra,9,24999.0,0,224991.0,89991.0
2023-04-17,P003,Wireless Earbuds,Audio,Ahmedabad,Gujarat,10,4999.0,0,49990.0,24990.0
2023-04-17,P004,USB-C Hub 7-in-1,Accessories,Bangalore,Karnataka,7,1799.1,10,12593.7,6993.7
2023-04-17,P005,Mechanical Keyboard,Peripherals,Pune,Maharashtra,4,8999.0,0,35996.0,17996.0
2023-04-17,P006,Monitor 27inch 4K,Electronics,Mumbai,Maharashtra,6,33249.05,5,199494.3,55494.3
2023-04-17,P007,Gaming Mouse RGB,Peripherals,Kolkata,West Bengal,7,2999.0,0,20993.0,12593.0
2023-04-17,P008,Laptop Stand Aluminum,Accessories,Ahmedabad,Gujarat,6,1499.0,0,8994.0,5394.0
2023-04-18,P001,Laptop Pro X1,Electronics,Hyderabad,Telangana,10,63749.15,15,637491.5,117491.5
2023-04-18,P002,Smart Watch S3,Wearables,Mumbai,Maharashtra,7,24999.0,0,174993.0,69993.0
2023-04-18,P003,Wireless Earbuds,Audio,Bangalore,Karnataka,15,4999.0,0,74985.0,37485.0
2023-04-18,P004,USB-C Hub 7-in-1,Accessories,Chennai,Tamil Nadu,5,1699.15,15,8495.75,4495.75
2023-04-18,P005,Mechanical Keyboard,Peripherals,Bangalore,Karnataka,5,8099.1,10,40495.5,17995.5
2023-04-18,P006,Monitor 27inch 4K,Electronics,Pune,Maharashtra,6,34999.0,0,209994.0,65994.0
2023-04-18,P007,Gaming Mouse RGB,Peripherals,Mumbai,Maharashtra,8,2999.0,0,23992.0,14392.0
2023-04-18,P008,Laptop Stand Aluminum,Accessories,Pune,Maharashtra,13,1274.15,15,16563.95,8763.95
2023-04-19,P001,Laptop Pro X1,Electronics,Delhi,Delhi,8,63749.15,15,509993.2,93993.2
2023-04-19,P002,Smart Watch S3,Wearables,Kolkata,West Bengal,6,21249.15,15,127494.9,37494.9
2023-04-19,P003,Wireless Earbuds,Audio,Kolkata,West Bengal,13,4249.15,15,55238.95,22738.95
2023-04-19,P004,USB-C Hub 7-in-1,Accessories,Delhi,Delhi,5,1999.0,0,9995.0,5995.0
2023-04-19,P005,Mechanical Keyboard,Peripherals,Bangalore,Karnataka,7,7649.15,15,53544.05,22044.05
2023-04-19,P006,Monitor 27inch 4K,Electronics,Kolkata,West Bengal,6,34999.0,0,209994.0,65994.0
2023-04-19,P007,Gaming Mouse RGB,Peripherals,Hyderabad,Telangana,6,2999.0,0,17994.0,10794.0
2023-04-19,P008,Laptop Stand Aluminum,Accessories,Mumbai,Maharashtra,7,1499.0,0,10493.0,6293.0
2023-04-20,P001,Laptop Pro X1,Electronics,Mumbai,Maharashtra,8,74999.0,0,599992.0,183992.0
2023-04-20,P002,Smart Watch S3,Wearables,Hyderabad,Telangana,6,22499.1,10,134994.6,44994.6
2023-04-20,P003,Wireless Earbuds,Audio,Ahmedabad,Gujarat,9,4499.1,10,40491.9,17991.9
2023-04-20,P004,USB-C Hub 7-in-1,Accessories,Kolkata,West Bengal,7,1999.0,0,13993.0,8393.0
2023-04-20,P005,Mechanical Keyboard,Peripherals,Mumbai,Maharashtra,6,7649.15,15,45894.9,18894.9
2023-04-20,P006,Monitor 27inch 4K,Electronics,Chennai,Tamil Nadu,6,34999.0,0,209994.0,65994.0
2023-04-20,P007,Gaming Mouse RGB,Peripherals,Pune,Maharashtra,6,2999.0,0,17994.0,10794.0
2023-04-20,P008,Laptop Stand Aluminum,Accessories,Pune,Maharashtra,5,1499.0,0,7495.0,4495.0
2023-04-21,P001,Laptop Pro X1,Electronics,Bangalore,Karnataka,7,74999.0,0,524993.0,160993.0
2023-04-21,P002,Smart Watch S3,Wearables,Ahmedabad,Gujarat,4,23749.05,5,94996.2,34996.2
2023-04-21,P003,Wireless Earbuds,Audio,Kolkata,West Bengal,12,4749.05,5,56988.6,26988.6
2023-04-21,P004,USB-C Hub 7-in-1,Accessories,Pune,Maharashtra,6,1999.0,0,11994.0,7194.0
2023-04-21,P005,Mechanical Keyboard,Peripherals,Kolkata,West Bengal,10,7649.15,15,76491.5,31491.5
2023-04-21,P006,Monitor 27inch 4K,Electronics,Kolkata,West Bengal,4,34999.0,0,139996.0,43996.0
2023-04-21,P007,Gaming Mouse RGB,Peripherals,Hyderabad,Telangana,8,2999.0,0,23992.0,14392.0
2023-04-21,P008,Laptop Stand Aluminum,Accessories,Ahmedabad,Gujarat,2,1499.0,0,2998.0,1798.0
2023-04-22,P001,Laptop Pro X1,Electronics,Ahmedabad,Gujarat,8,67499.1,10,539992.8,123992.8
2023-04-22,P002,Smart Watch S3,Wearables,Delhi,Delhi,12,22499.1,10,269989.2,89989.2
2023-04-22,P003,Wireless Earbuds,Audio,Hyderabad,Telangana,8,4999.0,0,39992.0,19992.0
2023-04-22,P004,USB-C Hub 7-in-1,Accessories,Bangalore,Karnataka,14,1999.0,0,27986.0,16786.0
2023-04-22,P005,Mechanical Keyboard,Peripherals,Pune,Maharashtra,8,7649.15,15,61193.2,25193.2
2023-04-22,P006,Monitor 27inch 4K,Electronics,Hyderabad,Telangana,11,34999.0,0,384989.0,120989.0
2023-04-22,P007,Gaming Mouse RGB,Peripherals,Kolkata,West Bengal,4,2699.1,10,10796.4,5996.4
2023-04-22,P008,Laptop Stand Aluminum,Accessories,Ahmedabad,Gujarat,7,1499.0,0,10493.0,6293.0
2023-04-23,P001,Laptop Pro X1,Electronics,Kolkata,West Bengal,15,74999.0,0,1124985.0,344985.0
2023-04-23,P002,Smart Watch S3,Wearables,Kolkata,West Bengal,12,24999.0,0,299988.0,119988.0
2023-04-23,P003,Wireless Earbuds,Audio,Pune,Maharashtra,9,4499.1,10,40491.9,17991.9
2023-04-23,P004,USB-C Hub 7-in-1,Accessories,Ahmedabad,Gujarat,11,1999.0,0,21989.0,13189.0
2023-04-23,P005,Mechanical Keyboard,Peripherals,Mumbai,Maharashtra,5,8999.0,0,44995.0,22495.0
2023-04-23,P006,Monitor 27inch 4K,Electronics,Ahmedabad,Gujarat,16,34999.0,0,559984.0,175984.0
2023-04-23,P007,Gaming Mouse RGB,Peripherals,Delhi,Delhi,15,2999.0,0,44985.0,26985.0
2023-04-23,P008,Laptop Stand Aluminum,Accessories,Delhi,Delhi,8,1349.1,10,10792.8,5992.8
2023-04-24,P001,Laptop Pro X1,Electronics,Kolkata,West Bengal,9,74999.0,0,674991.0,206991.0
2023-04-24,P002,Smart Watch S3,Wearables,Delhi,Delhi,14,24999.0,0,349986.0,139986.0
2023-04-24,P003,Wireless Earbuds,Audio,Chennai,Tamil Nadu,8,4249.15,15,33993.2,13993.2
2023-04-24,P004,USB-C Hub 7-in-1,Accessories,Pune,Maharashtra,8,1999.0,0,15992.0,9592.0
2023-04-24,P005,Mechanical Keyboard,Peripherals,Ahmedabad,Gujarat,6,8099.1,10,48594.6,21594.6
2023-04-24,P006,Monitor 27inch 4K,Electronics,Mumbai,Maharashtra,8,31499.1,10,251992.8,59992.8
2023-04-24,P007,Gaming Mouse RGB,Peripherals,Delhi,Delhi,6,2549.15,15,15294.9,8094.9
2023-04-24,P008,Laptop Stand Aluminum,Accessories,Kolkata,West Bengal,11,1499.0,0,16489.0,9889.0
2023-04-25,P001,Laptop Pro X1,Electronics,Pune,Maharashtra,5,71249.05,5,356245.25,96245.25
2023-04-25,P002,Smart Watch S3,Wearables,Bangalore,Karnataka,12,22499.1,10,269989.2,89989.2
2023-04-25,P003,Wireless Earbuds,Audio,Delhi,Delhi,9,4499.1,10,40491.9,17991.9
2023-04-25,P004,USB-C Hub 7-in-1,Accessories,Pune,Maharashtra,11,1899.05,5,20889.55,12089.55
2023-04-25,P005,Mechanical Keyboard,Peripherals,Pune,Maharashtra,6,7649.15,15,45894.9,18894.9
2023-04-25,P006,Monitor 27inch 4K,Electronics,Hyderabad,Telangana,9,34999.0,0,314991.0,98991.0
2023-04-25,P007,Gaming Mouse RGB,Peripherals,Bangalore,Karnataka,9,2999.0,0,26991.0,16191.0
2023-04-25,P008,Laptop Stand Aluminum,Accessories,Delhi,Delhi,9,1424.05,5,12816.45,7416.45
2023-04-26,P001,Laptop Pro X1,Electronics,Ahmedabad,Gujarat,9,67499.1,10,607491.9,139491.9
2023-04-26,P002,Smart Watch S3,Wearables,Bangalore,Karnataka,7,24999.0,0,174993.0,69993.0
2023-04-26,P003,Wireless Earbuds,Audio,Hyderabad,Telangana,5,4249.15,15,21245.75,8745.75
2023-04-26,P004,USB-C Hub 7-in-1,Accessories,Kolkata,West Bengal,2,1999.0,0,3998.0,2398.0
2023-04-26,P005,Mechanical Keyboard,Peripherals,Hyderabad,Telangana,9,7649.15,15,68842.35,28342.35
2023-04-26,P006,Monitor 27inch 4K,Electronics,Kolkata,West Bengal,6,34999.0,0,209994.0,65994.0
2023-04-26,P007,Gaming Mouse RGB,Peripherals,Bangalore,Karnataka,7,2999.0,0,20993.0,12593.0
2023-04-26,P008,Laptop Stand Aluminum,Accessories,Bangalore,Karnataka,4,1424.05,5,5696.2,3296.2
2023-04-27,P001,Laptop Pro X1,Electronics,Delhi,Delhi,9,63749.15,15,573742.35,105742.35
2023-04-27,P002,Smart Watch S3,Wearables,Kolkata,West Bengal,8,24999.0,0,199992.0,79992.0
2023-04-27,P003,Wireless Earbuds,Audio,Pune,Maharashtra,10,4249.15,15,42491.5,17491.5
2023-04-27,P004,USB-C Hub 7-in-1,Accessories,Pune,Maharashtra,9,1699.15,15,15292.35,8092.35
2023-04-27,P005,Mechanical Keyboard,Peripherals,Bangalore,Karnataka,9,8099.1,10,72891.9,32391.9
2023-04-27,P006,Monitor 27inch 4K,Electronics,Hyderabad,Telangana,2,34999.0,0,69998.0,21998.0
2023-04-27,P007,Gaming Mouse RGB,Peripherals,Delhi,Delhi,6,2549.15,15,15294.9,8094.9
2023-04-27,P008,Laptop Stand Aluminum,Accessories,Delhi,Delhi,7,1499.0,0,10493.0,6293.0
2023-04-28,P001,Laptop Pro X1,Electronics,Chennai,Tamil Nadu,7,74999.0,0,524993.0,160993.0
2023-04-28,P002,Smart Watch S3,Wearables,Chennai,Tamil Nadu,9,24999.0,0,224991.0,89991.0
2023-04-28,P003,Wireless Earbuds,Audio,Chennai,Tamil Nadu,6,4749.05,5,28494.3,13494.3
2023-04-28,P004,USB-C Hub 7-in-1,Accessories,Mumbai,Maharashtra,6,1999.0,0,11994.0,7194.0
2023-04-28,P005,Mechanical Keyboard,Peripherals,Pune,Maharashtra,10,8549.05,5,85490.5,40490.5
2023-04-28,P006,Monitor 27inch 4K,Electronics,Delhi,Delhi,10,31499.1,10,314991.0,74991.0
2023-04-28,P007,Gaming Mouse RGB,Peripherals,Bangalore,Karnataka,12,2999.0,0,35988.0,21588.0
2023-04-28,P008,Laptop Stand Aluminum,Accessories,Hyderabad,Telangana,8,1424.05,5,11392.4,6592.4
2023-04-29,P001,Laptop Pro X1,Electronics,Kolkata,West Bengal,7,67499.1,10,472493.7,108493.7
2023-04-29,P002,Smart Watch S3,Wearables,Ahmedabad,Gujarat,11,23749.05,5,261239.55,96239.55
2023-04-29,P003,Wireless Earbuds,Audio,Bangalore,Karnataka,11,4999.0,0,54989.0,27489.0
2023-04-29,P004,USB-C Hub 7-in-1,Accessories,Pune,Maharashtra,11,1699.15,15,18690.65,9890.65
2023-04-29,P005,Mechanical Keyboard,Peripherals,Bangalore,Karnataka,19,8549.05,5,162431.95,76931.95
2023-04-29,P006,Monitor 27inch 4K,Electronics,Kolkata,West Bengal,2,29749.15,15,59498.3,11498.3
2023-04-29,P007,Gaming Mouse RGB,Peripherals,Pune,Maharashtra,9,2999.0,0,26991.0,16191.0
2023-04-29,P008,Laptop Stand Aluminum,Accessories,Delhi,Delhi,9,1499.0,0,13491.0,8091.0
2023-04-30,P001,Laptop Pro X1,Electronics,Ahmedabad,Gujarat,7,67499.1,10,472493.7,108493.7
2023-04-30,P002,Smart Watch S3,Wearables,Mumbai,Maharashtra,9,24999.0,0,224991.0,89991.0
2023-04-30,P003,Wireless Earbuds,Audio,Delhi,Delhi,11,4999.0,0,54989.0,27489.0
2023-04-30,P004,USB-C Hub 7-in-1,Accessories,Delhi,Delhi,11,1999.0,0,21989.0,13189.0
2023-04-30,P005,Mechanical Keyboard,Peripherals,Pune,Maharashtra,16,7649.15,15,122386.4,50386.4
2023-04-30,P006,Monitor 27inch 4K,Electronics,Chennai,Tamil Nadu,5,34999.0,0,174995.0,54995.0
2023-04-30,P007,Gaming Mouse RGB,Peripherals,Hyderabad,Telangana,8,2999.0,0,23992.0,14392.0
2023-04-30,P008,Laptop Stand Aluminum,Accessories,Hyderabad,Telangana,11,1499.0,0,16489.0,9889.0
2023-05-01,P001,Laptop Pro X1,Electronics,Hyderabad,Telangana,9,74999.0,0,674991.0,206991.0
2023-05-01,P002,Smart Watch S3,Wearables,Hyderabad,Telangana,6,22499.1,10,134994.6,44994.6
2023-05-01,P003,Wireless Earbuds,Audio,Bangalore,Karnataka,11,4499.1,10,49490.1,21990.1
2023-05-01,P004,USB-C Hub 7-in-1,Accessories,Delhi,Delhi,6,1799.1,10,10794.6,5994.6
2023-05-01,P005,Mechanical Keyboard,Peripherals,Delhi,Delhi,9,8999.0,0,80991.0,40491.0
2023-05-01,P006,Monitor 27inch 4K,Electronics,Pune,Maharashtra,12,31499.1,10,377989.2,89989.2
2023-05-01,P007,Gaming Mouse RGB,Peripherals,Mumbai,Maharashtra,7,2999.0,0,20993.0,12593.0
2023-05-01,P008,Laptop Stand Aluminum,Accessories,Bangalore,Karnataka,14,1499.0,0,20986.0,12586.0
2023-05-02,P001,Laptop Pro X1,Electronics,Hyderabad,Telangana,6,63749.15,15,382494.9,70494.9
2023-05-02,P002,Smart Watch S3,Wearables,Chennai,Tamil Nadu,9,22499.1,10,202491.9,67491.9
2023-05-02,P003,Wireless Earbuds,Audio,Ahmedabad,Gujarat,8,4499.1,10,35992.8,15992.8
2023-05-02,P004,USB-C Hub 7-in-1,Accessories,Mumbai,Maharashtra,10,1899.05,5,18990.5,10990.5
2023-05-02,P005,Mechanical Keyboard,Peripherals,Hyderabad,Telangana,9,7649.15,15,68842.35,28342.35
2023-05-02,P006,Monitor 27inch 4K,Electronics,Hyderabad,Telangana,5,33249.05,5,166245.25,46245.25
2023-05-02,P007,Gaming Mouse RGB,Peripherals,Chennai,Tamil Nadu,7,2549.15,15,17844.05,9444.05
2023-05-02,P008,Laptop Stand Aluminum,Accessories,Ahmedabad,Gujarat,10,1499.0,0,14990.0,8990.0
2023-05-03,P001,Laptop Pro X1,Electronics,Kolkata,West Bengal,6,74999.0,0,449994.0,137994.0
2023-05-03,P002,Smart Watch S3,Wearables,Mumbai,Maharashtra,7,24999.0,0,174993.0,69993.0
2023-05-03,P003,Wireless Earbuds,Audio,Kolkata,West Bengal,8,4749.05,5,37992.4,17992.4
2023-05-03,P004,USB-C Hub 7-in-1,Accessories,Kolkata,West Bengal,6,1899.05,5,11394.3,6594.3
2023-05-03,P005,Mechanical Keyboard,Peripherals,Chennai,Tamil Nadu,5,8999.0,0,44995.0,22495.0
2023-05-03,P006,Monitor 27inch 4K,Electronics,Delhi,Delhi,7,34999.0,0,244993.0,76993.0
2023-05-03,P007,Gaming Mouse RGB,Peripherals,Pune,Maharashtra,4,2549.15,15,10196.6,5396.6
2023-05-03,P008,Laptop Stand Aluminum,Accessories,Pune,Maharashtra,12,1424.05,5,17088.6,9888.6
2023-05-04,P001,Laptop Pro X1,Electronics,Delhi,Delhi,12,74999.0,0,899988.0,275988.0
2023-05-04,P002,Smart Watch S3,Wearables,Bangalore,Karnataka,9,24999.0,0,224991.0,89991.0
2023-05-04,P003,Wireless Earbuds,Audio,Chennai,Tamil Nadu,7,4749.05,5,33243.35,15743.35
2023-05-04,P004,USB-C Hub 7-in-1,Accessories,Bangalore,Karnataka,5,1999.0,0,9995.0,5995.0
2023-05-04,P005,Mechanical Keyboard,Peripherals,Kolkata,West Bengal,5,8999.0,0,44995.0,22495.0
2023-05-04,P006,Monitor 27inch 4K,Electronics,Delhi,Delhi,7,34999.0,0,244993.0,76993.0
2023-05-04,P007,Gaming Mouse RGB,Peripherals,Mumbai,Maharashtra,6,2999.0,0,17994.0,10794.0
2023-05-04,P008,Laptop Stand Aluminum,Accessories,Ahmedabad,Gujarat,7,1349.1,10,9443.7,5243.7
2023-05-05,P001,Laptop Pro X1,Electronics,Ahmedabad,Gujarat,9,74999.0,0,674991.0,206991.0
2023-05-05,P002,Smart Watch S3,Wearables,Delhi,Delhi,8,24999.0,0,199992.0,79992.0
2023-05-05,P003,Wireless Earbuds,Audio,Pune,Maharashtra,6,4999.0,0,29994.0,14994.0
2023-05-05,P004,USB-C Hub 7-in-1,Accessories,Delhi,Delhi,9,1899.05,5,17091.45,9891.45
2023-05-05,P005,Mechanical Keyboard,Peripherals,Kolkata,West Bengal,8,8549.05,5,68392.4,32392.4
2023-05-05,P006,Monitor 27inch 4K,Electronics,Hyderabad,Telangana,5,33249.05,5,166245.25,46245.25
2023-05-05,P007,Gaming Mouse RGB,Peripherals,Mumbai,Maharashtra,9,2999.0,0,26991.0,16191.0
2023-05-05,P008,Laptop Stand Aluminum,Accessories,Ahmedabad,Gujarat,6,1349.1,10,8094.6,4494.6
2023-05-06,P001,Laptop Pro X1,Electronics,Kolkata,West Bengal,11,74999.0,0,824989.0,252989.0
2023-05-06,P002,Smart Watch S3,Wearables,Chennai,Tamil Nadu,8,22499.1,10,179992.8,59992.8
2023-05-06,P003,Wireless Earbuds,Audio,Pune,Maharashtra,9,4999.0,0,44991.0,22491.0
2023-05-06,P004,USB-C Hub 7-in-1,Accessories,Mumbai,Maharashtra,11,1999.0,0,21989.0,13189.0
2023-05-06,P005,Mechanical Keyboard,Peripherals,Kolkata,West Bengal,7,8099.1,10,56693.7,25193.7
2023-05-06,P006,Monitor 27inch 4K,Electronics,Kolkata,West Bengal,11,34999.0,0,384989.0,120989.0
2023-05-06,P007,Gaming Mouse RGB,Peripherals,Mumbai,Maharashtra,7,2999.0,0,20993.0,12593.0
2023-05-06,P008,Laptop Stand Aluminum,Accessories,Ahmedabad,Gujarat,12,1499.0,0,17988.0,10788.0
2023-05-07,P001,Laptop Pro X1,Electronics,Hyderabad,Telangana,15,63749.15,15,956237.25,176237.25
2023-05-07,P002,Smart Watch S3,Wearables,Pune,Maharashtra,11,23749.05,5,261239.55,96239.55
2023-05-07,P003,Wireless Earbuds,Audio,Pune,Maharashtra,8,4999.0,0,39992.0,19992.0
2023-05-07,P004,USB-C Hub 7-in-1,Accessories,Ahmedabad,Gujarat,15,1999.0,0,29985.0,17985.0
2023-05-07,P005,Mechanical Keyboard,Peripherals,Chennai,Tamil Nadu,9,8999.0,0,80991.0,40491.0
2023-05-07,P006,Monitor 27inch 4K,Electronics,Hyderabad,Telangana,14,34999.0,0,489986.0,153986.0
2023-05-07,P007,Gaming Mouse RGB,Peripherals,Ahmedabad,Gujarat,11,2699.1,10,29690.1,16490.1
2023-05-07,P008,Laptop Stand Aluminum,Accessories,Kolkata,West Bengal,12,1349.1,10,16189.2,8989.2
2023-05-08,P001,Laptop Pro X1,Electronics,Hyderabad,Telangana,7,67499.1,10,472493.7,108493.7
2023-05-08,P002,Smart Watch S3,Wearables,Bangalore,Karnataka,7,24999.0,0,174993.0,69993.0
2023-05-08,P003,Wireless Earbuds,Audio,Bangalore,Karnataka,12,4749.05,5,56988.6,26988.6
2023-05-08,P004,USB-C Hub 7-in-1,Accessories,Pune,Maharashtra,3,1999.0,0,5997.0,3597.0
2023-05-08,P005,Mechanical Keyboard,Peripherals,Pune,Maharashtra,6,8999.0,0,53994.0,26994.0
2023-05-08,P006,Monitor 27inch 4K,Electronics,Chennai,Tamil Nadu,9,31499.1,10,283491.9,67491.9
2023-05-08,P007,Gaming Mouse RGB,Peripherals,Ahmedabad,Gujarat,8,2699.1,10,21592.8,11992.8
2023-05-08,P008,Laptop Stand Aluminum,Accessories,Mumbai,Maharashtra,8,1499.0,0,11992.0,7192.0
2023-05-09,P001,Laptop Pro X1,Electronics,Mumbai,Maharashtra,7,74999.0,0,524993.0,160993.0
2023-05-09,P002,Smart Watch S3,Wearables,Pune,Maharashtra,9,23749.05,5,213741.45,78741.45
2023-05-09,P003,Wireless Earbuds,Audio,Kolkata,West Bengal,11,4999.0,0,54989.0,27489.0
2023-05-09,P004,USB-C Hub 7-in-1,Accessories,Delhi,Delhi,8,1999.0,0,15992.0,9592.0
2023-05-09,P005,Mechanical Keyboard,Peripherals,Pune,Maharashtra,7,8999.0,0,62993.0,31493.0
2023-05-09,P006,Monitor 27inch 4K,Electronics,Ahmedabad,Gujarat,8,31499.1,10,251992.8,59992.8
2023-05-09,P007,Gaming Mouse RGB,Peripherals,Hyderabad,Telangana,15,2699.1,10,40486.5,22486.5
2023-05-09,P008,Laptop Stand Aluminum,Accessories,Pune,Maharashtra,14,1349.1,10,18887.4,10487.4
2023-05-10,P001,Laptop Pro X1,Electronics,Kolkata,West Bengal,10,63749.15,15,637491.5,117491.5
2023-05-10,P002,Smart Watch S3,Wearables,Hyderabad,Telangana,6,23749.05,5,142494.3,52494.3
2023-05-10,P003,Wireless Earbuds,Audio,Mumbai,Maharashtra,13,4999.0,0,64987.0,32487.0
2023-05-10,P004,USB-C Hub 7-in-1,Accessories,Pune,Maharashtra,4,1699.15,15,6796.6,3596.6
2023-05-10,P005,Mechanical Keyboard,Peripherals,Bangalore,Karnataka,4,8549.05,5,34196.2,16196.2
2023-05-10,P006,Monitor 27inch 4K,Electronics,Hyderabad,Telangana,7,29749.15,15,208244.05,40244.05
2023-05-10,P007,Gaming Mouse RGB,Peripherals,Mumbai,Maharashtra,10,2699.1,10,26991.0,14991.0
2023-05-10,P008,Laptop Stand Aluminum,Accessories,Kolkata,West Bengal,13,1499.0,0,19487.0,11687.0
2023-05-11,P001,Laptop Pro X1,Electronics,Chennai,Tamil Nadu,6,63749.15,15,382494.9,70494.9
2023-05-11,P002,Smart Watch S3,Wearables,Mumbai,Maharashtra,10,22499.1,10,224991.0,74991.0
2023-05-11,P003,Wireless Earbuds,Audio,Kolkata,West Bengal,5,4999.0,0,24995.0,12495.0
2023-05-11,P004,USB-C Hub 7-in-1,Accessories,Ahmedabad,Gujarat,11,1999.0,0,21989.0,13189.0
2023-05-11,P005,Mechanical Keyboard,Peripherals,Chennai,Tamil Nadu,6,8999.0,0,53994.0,26994.0
2023-05-11,P006,Monitor 27inch 4K,Electronics,Bangalore,Karnataka,8,34999.0,0,279992.0,87992.0
2023-05-11,P007,Gaming Mouse RGB,Peripherals,Mumbai,Maharashtra,4,2849.05,5,11396.2,6596.2
2023-05-11,P008,Laptop Stand Aluminum,Accessories,Pune,Maharashtra,8,1424.05,5,11392.4,6592.4
2023-05-12,P001,Laptop Pro X1,Electronics,Delhi,Delhi,9,71249.05,5,641241.45,173241.45
2023-05-12,P002,Smart Watch S3,Wearables,Chennai,Tamil Nadu,11,23749.05,5,261239.55,96239.55
2023-05-12,P003,Wireless Earbuds,Audio,Kolkata,West Bengal,8,4249.15,15,33993.2,13993.2
2023-05-12,P004,USB-C Hub 7-in-1,Accessories,Mumbai,Maharashtra,8,1699.15,15,13593.2,7193.2
2023-05-12,P005,Mechanical Keyboard,Peripherals,Delhi,Delhi,9,8099.1,10,72891.9,32391.9
2023-05-12,P006,Monitor 27inch 4K,Electronics,Chennai,Tamil Nadu,13,31499.1,10,409488.3,97488.3
2023-05-12,P007,Gaming Mouse RGB,Peripherals,Pune,Maharashtra,10,2549.15,15,25491.5,13491.5
2023-05-12,P008,Laptop Stand Aluminum,Accessories,Kolkata,West Bengal,9,1349.1,10,12141.9,6741.9
2023-05-13,P001,Laptop Pro X1,Electronics,Ahmedabad,Gujarat,11,74999.0,0,824989.0,252989.0
2023-05-13,P002,Smart Watch S3,Wearables,Delhi,Delhi,9,23749.05,5,213741.45,78741.45
2023-05-13,P003,Wireless Earbuds,Audio,Pune,Maharashtra,16,4499.1,10,71985.6,31985.6
2023-05-13,P004,USB-C Hub 7-in-1,Accessories,Pune,Maharashtra,2,1699.15,15,3398.3,1798.3
2023-05-13,P005,Mechanical Keyboard,Peripherals,Hyderabad,Telangana,8,8099.1,10,64792.8,28792.8
2023-05-13,P006,Monitor 27inch 4K,Electronics,Kolkata,West Bengal,8,34999.0,0,279992.0,87992.0
2023-05-13,P007,Gaming Mouse RGB,Peripherals,Chennai,Tamil Nadu,8,2999.0,0,23992.0,14392.0
2023-05-13,P008,Laptop Stand Aluminum,Accessories,Hyderabad,Telangana,18,1499.0,0,26982.0,16182.0
2023-05-14,P001,Laptop Pro X1,Electronics,Hyderabad,Telangana,8,74999.0,0,599992.0,183992.0
2023-05-14,P002,Smart Watch S3,Wearables,Chennai,Tamil Nadu,8,21249.15,15,169993.2,49993.2
2023-05-14,P003,Wireless Earbuds,Audio,Kolkata,West Bengal,12,4999.0,0,59988.0,29988.0
2023-05-14,P004,USB-C Hub 7-in-1,Accessories,Kolkata,West Bengal,11,1999.0,0,21989.0,13189.0
2023-05-14,P005,Mechanical Keyboard,Peripherals,Hyderabad,Telangana,19,8999.0,0,170981.0,85481.0
2023-05-14,P006,Monitor 27inch 4K,Electronics,Bangalore,Karnataka,8,31499.1,10,251992.8,59992.8
2023-05-14,P007,Gaming Mouse RGB,Peripherals,Ahmedabad,Gujarat,5,2849.05,5,14245.25,8245.25
2023-05-14,P008,Laptop Stand Aluminum,Accessories,Pune,Maharashtra,12,1499.0,0,17988.0,10788.0
2023-05-15,P001,Laptop Pro X1,Electronics,Hyderabad,Telangana,7,74999.0,0,524993.0,160993.0
2023-05-15,P002,Smart Watch S3,Wearables,Hyderabad,Telangana,8,21249.15,15,169993.2,49993.2
2023-05-15,P003,Wireless Earbuds,Audio,Bangalore,Karnataka,8,4999.0,0,39992.0,19992.0
2023-05-15,P004,USB-C Hub 7-in-1,Accessories,Kolkata,West Bengal,10,1699.15,15,16991.5,8991.5
2023-05-15,P005,Mechanical Keyboard,Peripherals,Hyderabad,Telangana,6,7649.15,15,45894.9,18894.9
2023-05-15,P006,Monitor 27inch 4K,Electronics,Kolkata,West Bengal,4,34999.0,0,139996.0,43996.0
2023-05-15,P007,Gaming Mouse RGB,Peripherals,Chennai,Tamil Nadu,10,2699.1,10,26991.0,14991.0
2023-05-15,P008,Laptop Stand Aluminum,Accessories,Hyderabad,Telangana,10,1349.1,10,13491.0,7491.0
2023-05-16,P001,Laptop Pro X1,Electronics,Hyderabad,Telangana,5,74999.0,0,374995.0,114995.0
2023-05-16,P002,Smart Watch S3,Wearables,Bangalore,Karnataka,7,22499.1,10,157493.7,52493.7
2023-05-16,P003,Wireless Earbuds,Audio,Chennai,Tamil Nadu,8,4999.0,0,39992.0,19992.0
2023-05-16,P004,USB-C Hub 7-in-1,Accessories,Mumbai,Maharashtra,4,1699.15,15,6796.6,3596.6
2023-05-16,P005,Mechanical Keyboard,Peripherals,Chennai,Tamil Nadu,7,7649.15,15,53544.05,22044.05
2023-05-16,P006,Monitor 27inch 4K,Electronics,Chennai,Tamil Nadu,12,34999.0,0,419988.0,131988.0
2023-05-16,P007,Gaming Mouse RGB,Peripherals,Bangalore,Karnataka,8,2849.05,5,22792.4,13192.4
2023-05-16,P008,Laptop Stand Aluminum,Accessories,Pune,Maharashtra,6,1274.15,15,7644.9,4044.9
2023-05-17,P001,Laptop Pro X1,Electronics,Kolkata,West Bengal,5,74999.0,0,374995.0,114995.0
2023-05-17,P002,Smart Watch S3,Wearables,Delhi,Delhi,8,24999.0,0,199992.0,79992.0
2023-05-17,P003,Wireless Earbuds,Audio,Delhi,Delhi,9,4749.05,5,42741.45,20241.45
2023-05-17,P004,USB-C Hub 7-in-1,Accessories,Kolkata,West Bengal,4,1899.05,5,7596.2,4396.2
2023-05-17,P005,Mechanical Keyboard,Peripherals,Chennai,Tamil Nadu,9,8999.0,0,80991.0,40491.0
2023-05-17,P006,Monitor 27inch 4K,Electronics,Pune,Maharashtra,6,34999.0,0,209994.0,65994.0
2023-05-17,P007,Gaming Mouse RGB,Peripherals,Mumbai,Maharashtra,11,2999.0,0,32989.0,19789.0
2023-05-17,P008,Laptop Stand Aluminum,Accessories,Chennai,Tamil Nadu,9,1349.1,10,12141.9,6741.9
2023-05-18,P001,Laptop Pro X1,Electronics,Mumbai,Maharashtra,8,74999.0,0,599992.0,183992.0
2023-05-18,P002,Smart Watch S3,Wearables,Ahmedabad,Gujarat,8,24999.0,0,199992.0,79992.0
2023-05-18,P003,Wireless Earbuds,Audio,Mumbai,Maharashtra,7,4749.05,5,33243.35,15743.35
2023-05-18,P004,USB-C Hub 7-in-1,Accessories,Kolkata,West Bengal,7,1999.0,0,13993.0,8393.0
2023-05-18,P005,Mechanical Keyboard,Peripherals,Hyderabad,Telangana,7,8999.0,0,62993.0,31493.0
2023-05-18,P006,Monitor 27inch 4K,Electronics,Mumbai,Maharashtra,7,34999.0,0,244993.0,76993.0
2023-05-18,P007,Gaming Mouse RGB,Peripherals,Bangalore,Karnataka,12,2999.0,0,35988.0,21588.0
2023-05-18,P008,Laptop Stand Aluminum,Accessories,Hyderabad,Telangana,11,1424.05,5,15664.55,9064.55
2023-05-19,P001,Laptop Pro X1,Electronics,Kolkata,West Bengal,7,74999.0,0,524993.0,160993.0
2023-05-19,P002,Smart Watch S3,Wearables,Kolkata,West Bengal,4,24999.0,0,99996.0,39996.0
2023-05-19,P003,Wireless Earbuds,Audio,Chennai,Tamil Nadu,14,4999.0,0,69986.0,34986.0
2023-05-19,P004,USB-C Hub 7-in-1,Accessories,Pune,Maharashtra,10,1999.0,0,19990.0,11990.0
2023-05-19,P005,Mechanical Keyboard,Peripherals,Kolkata,West Bengal,11,7649.15,15,84140.65,34640.65
2023-05-19,P006,Monitor 27inch 4K,Electronics,Hyderabad,Telangana,5,29749.15,15,148745.75,28745.75
2023-05-19,P007,Gaming Mouse RGB,Peripherals,Delhi,Delhi,13,2999.0,0,38987.0,23387.0
2023-05-19,P008,Laptop Stand Aluminum,Accessories,Pune,Maharashtra,8,1499.0,0,11992.0,7192.0
2023-05-20,P001,Laptop Pro X1,Electronics,Chennai,Tamil Nadu,7,74999.0,0,524993.0,160993.0
2023-05-20,P002,Smart Watch S3,Wearables,Ahmedabad,Gujarat,9,23749.05,5,213741.45,78741.45
2023-05-20,P003,Wireless Earbuds,Audio,Pune,Maharashtra,11,4999.0,0,54989.0,27489.0
2023-05-20,P004,USB-C Hub 7-in-1,Accessories,Ahmedabad,Gujarat,14,1699.15,15,23788.1,12588.1
2023-05-20,P005,Mechanical Keyboard,Peripherals,Bangalore,Karnataka,7,8999.0,0,62993.0,31493.0
2023-05-20,P006,Monitor 27inch 4K,Electronics,Delhi,Delhi,7,33249.05,5,232743.35,64743.35
2023-05-20,P007,Gaming Mouse RGB,Peripherals,Pune,Maharashtra,5,2999.0,0,14995.0,8995.0
2023-05-20,P008,Laptop Stand Aluminum,Accessories,Mumbai,Maharashtra,7,1499.0,0,10493.0,6293.0
2023-05-21,P001,Laptop Pro X1,Electronics,Ahmedabad,Gujarat,16,74999.0,0,1199984.0,367984.0
2023-05-21,P002,Smart Watch S3,Wearables,Kolkata,West Bengal,2,24999.0,0,49998.0,19998.0
2023-05-21,P003,Wireless Earbuds,Audio,Pune,Maharashtra,9,4999.0,0,44991.0,22491.0
2023-05-21,P004,USB-C Hub 7-in-1,Accessories,Mumbai,Maharashtra,12,1999.0,0,23988.0,14388.0
2023-05-21,P005,Mechanical Keyboard,Peripherals,Pune,Maharashtra,12,7649.15,15,91789.8,37789.8
2023-05-21,P006,Monitor 27inch 4K,Electronics,Chennai,Tamil Nadu,9,34999.0,0,314991.0,98991.0
2023-05-21,P007,Gaming Mouse RGB,Peripherals,Bangalore,Karnataka,14,2849.05,5,39886.7,23086.7
2023-05-21,P008,Laptop Stand Aluminum,Accessories,Hyderabad,Telangana,11,1499.0,0,16489.0,9889.0
2023-05-22,P001,Laptop Pro X1,Electronics,Ahmedabad,Gujarat,10,63749.15,15,637491.5,117491.5
2023-05-22,P002,Smart Watch S3,Wearables,Hyderabad,Telangana,10,21249.15,15,212491.5,62491.5
2023-05-22,P003,Wireless Earbuds,Audio,Bangalore,Karnataka,3,4249.15,15,12747.45,5247.45
2023-05-22,P004,USB-C Hub 7-in-1,Accessories,Hyderabad,Telangana,4,1999.0,0,7996.0,4796.0
2023-05-22,P005,Mechanical Keyboard,Peripherals,Chennai,Tamil Nadu,7,8999.0,0,62993.0,31493.0
2023-05-22,P006,Monitor 27inch 4K,Electronics,Delhi,Delhi,7,33249.05,5,232743.35,64743.35
2023-05-22,P007,Gaming Mouse RGB,Peripherals,Delhi,Delhi,8,2849.05,5,22792.4,13192.4
2023-05-22,P008,Laptop Stand Aluminum,Accessories,Pune,Maharashtra,4,1424.05,5,5696.2,3296.2
2023-05-23,P001,Laptop Pro X1,Electronics,Kolkata,West Bengal,9,67499.1,10,607491.9,139491.9
2023-05-23,P002,Smart Watch S3,Wearables,Chennai,Tamil Nadu,13,24999.0,0,324987.0,129987.0
2023-05-23,P003,Wireless Earbuds,Audio,Bangalore,Karnataka,8,4499.1,10,35992.8,15992.8
2023-05-23,P004,USB-C Hub 7-in-1,Accessories,Kolkata,West Bengal,9,1799.1,10,16191.9,8991.9
2023-05-23,P005,Mechanical Keyboard,Peripherals,Pune,Maharashtra,10,8999.0,0,89990.0,44990.0
2023-05-23,P006,Monitor 27inch 4K,Electronics,Bangalore,Karnataka,5,34999.0,0,174995.0,54995.0
2023-05-23,P007,Gaming Mouse RGB,Peripherals,Chennai,Tamil Nadu,6,2699.1,10,16194.6,8994.6
2023-05-23,P008,Laptop Stand Aluminum,Accessories,Delhi,Delhi,5,1499.0,0,7495.0,4495.0
2023-05-24,P001,Laptop Pro X1,Electronics,Pune,Maharashtra,10,67499.1,10,674991.0,154991.0
2023-05-24,P002,Smart Watch S3,Wearables,Kolkata,West Bengal,7,24999.0,0,174993.0,69993.0
2023-05-24,P003,Wireless Earbuds,Audio,Chennai,Tamil Nadu,9,4249.15,15,38242.35,15742.35
2023-05-24,P004,USB-C Hub 7-in-1,Accessories,Kolkata,West Bengal,11,1999.0,0,21989.0,13189.0
2023-05-24,P005,Mechanical Keyboard,Peripherals,Kolkata,West Bengal,7,8999.0,0,62993.0,31493.0
2023-05-24,P006,Monitor 27inch 4K,Electronics,Kolkata,West Bengal,8,34999.0,0,279992.0,87992.0
2023-05-24,P007,Gaming Mouse RGB,Peripherals,Ahmedabad,Gujarat,9,2849.05,5,25641.45,14841.45
2023-05-24,P008,Laptop Stand Aluminum,Accessories,Mumbai,Maharashtra,9,1349.1,10,12141.9,6741.9
2023-05-25,P001,Laptop Pro X1,Electronics,Kolkata,West Bengal,5,63749.15,15,318745.75,58745.75
2023-05-25,P002,Smart Watch S3,Wearables,Hyderabad,Telangana,10,21249.15,15,212491.5,62491.5
2023-05-25,P003,Wireless Earbuds,Audio,Mumbai,Maharashtra,8,4749.05,5,37992.4,17992.4
2023-05-25,P004,USB-C Hub 7-in-1,Accessories,Hyderabad,Telangana,11,1999.0,0,21989.0,13189.0
2023-05-25,P005,Mechanical Keyboard,Peripherals,Chennai,Tamil Nadu,8,8099.1,10,64792.8,28792.8
2023-05-25,P006,Monitor 27inch 4K,Electronics,Bangalore,Karnataka,5,34999.0,0,174995.0,54995.0
2023-05-25,P007,Gaming Mouse RGB,Peripherals,Ahmedabad,Gujarat,9,2999.0,0,26991.0,16191.0
2023-05-25,P008,Laptop Stand Aluminum,Accessories,Bangalore,Karnataka,9,1349.1,10,12141.9,6741.9
2023-05-26,P001,Laptop Pro X1,Electronics,Mumbai,Maharashtra,9,74999.0,0,674991.0,206991.0
2023-05-26,P002,Smart Watch S3,Wearables,Kolkata,West Bengal,5,24999.0,0,124995.0,49995.0
2023-05-26,P003,Wireless Earbuds,Audio,Hyderabad,Telangana,10,4749.05,5,47490.5,22490.5
2023-05-26,P004,USB-C Hub 7-in-1,Accessories,Delhi,Delhi,10,1999.0,0,19990.0,11990.0
2023-05-26,P005,Mechanical Keyboard,Peripherals,Ahmedabad,Gujarat,9,8999.0,0,80991.0,40491.0
2023-05-26,P006,Monitor 27inch 4K,Electronics,Ahmedabad,Gujarat,8,33249.05,5,265992.4,73992.4
2023-05-26,P007,Gaming Mouse RGB,Peripherals,Ahmedabad,Gujarat,8,2849.05,5,22792.4,13192.4
2023-05-26,P008,Laptop Stand Aluminum,Accessories,Bangalore,Karnataka,10,1274.15,15,12741.5,6741.5
2023-05-27,P001,Laptop Pro X1,Electronics,Delhi,Delhi,14,63749.15,15,892488.1,164488.1
2023-05-27,P002,Smart Watch S3,Wearables,Pune,Maharashtra,4,24999.0,0,99996.0,39996.0
2023-05-27,P003,Wireless Earbuds,Audio,Delhi,Delhi,19,4499.1,10,85482.9,37982.9
2023-05-27,P004,USB-C Hub 7-in-1,Accessories,Ahmedabad,Gujarat,15,1799.1,10,26986.5,14986.5
2023-05-27,P005,Mechanical Keyboard,Peripherals,Delhi,Delhi,11,7649.15,15,84140.65,34640.65
2023-05-27,P006,Monitor 27inch 4K,Electronics,Chennai,Tamil Nadu,11,34999.0,0,384989.0,120989.0
2023-05-27,P007,Gaming Mouse RGB,Peripherals,Mumbai,Maharashtra,11,2999.0,0,32989.0,19789.0
2023-05-27,P008,Laptop Stand Aluminum,Accessories,Kolkata,West Bengal,12,1274.15,15,15289.8,8089.8
2023-05-28,P001,Laptop Pro X1,Electronics,Ahmedabad,Gujarat,16,67499.1,10,1079985.6,247985.6
2023-05-28,P002,Smart Watch S3,Wearables,Ahmedabad,Gujarat,18,24999.0,0,449982.0,179982.0
2023-05-28,P003,Wireless Earbuds,Audio,Chennai,Tamil Nadu,15,4749.05,5,71235.75,33735.75
2023-05-28,P004,USB-C Hub 7-in-1,Accessories,Pune,Maharashtra,9,1999.0,0,17991.0,10791.0
2023-05-28,P005,Mechanical Keyboard,Peripherals,Hyderabad,Telangana,9,8999.0,0,80991.0,40491.0
2023-05-28,P006,Monitor 27inch 4K,Electronics,Bangalore,Karnataka,7,34999.0,0,244993.0,76993.0
2023-05-28,P007,Gaming Mouse RGB,Peripherals,Ahmedabad,Gujarat,8,2699.1,10,21592.8,11992.8
2023-05-28,P008,Laptop Stand Aluminum,Accessories,Mumbai,Maharashtra,4,1499.0,0,5996.0,3596.0
2023-05-29,P001,Laptop Pro X1,Electronics,Chennai,Tamil Nadu,9,74999.0,0,674991.0,206991.0
2023-05-29,P002,Smart Watch S3,Wearables,Bangalore,Karnataka,13,22499.1,10,292488.3,97488.3
2023-05-29,P003,Wireless Earbuds,Audio,Mumbai,Maharashtra,7,4749.05,5,33243.35,15743.35
2023-05-29,P004,USB-C Hub 7-in-1,Accessories,Mumbai,Maharashtra,7,1999.0,0,13993.0,8393.0
2023-05-29,P005,Mechanical Keyboard,Peripherals,Mumbai,Maharashtra,11,8549.05,5,94039.55,44539.55
2023-05-29,P006,Monitor 27inch 4K,Electronics,Kolkata,West Bengal,6,34999.0,0,209994.0,65994.0
2023-05-29,P007,Gaming Mouse RGB,Peripherals,Chennai,Tamil Nadu,9,2999.0,0,26991.0,16191.0
2023-05-29,P008,Laptop Stand Aluminum,Accessories,Delhi,Delhi,13,1349.1,10,17538.3,9738.3
2023-05-30,P001,Laptop Pro X1,Electronics,Hyderabad,Telangana,11,74999.0,0,824989.0,252989.0
2023-05-30,P002,Smart Watch S3,Wearables,Pune,Maharashtra,11,22499.1,10,247490.1,82490.1
2023-05-30,P003,Wireless Earbuds,Audio,Pune,Maharashtra,8,4999.0,0,39992.0,19992.0
2023-05-30,P004,USB-C Hub 7-in-1,Accessories,Hyderabad,Telangana,12,1999.0,0,23988.0,14388.0
2023-05-30,P005,Mechanical Keyboard,Peripherals,Chennai,Tamil Nadu,12,8549.05,5,102588.6,48588.6
2023-05-30,P006,Monitor 27inch 4K,Electronics,Hyderabad,Telangana,15,34999.0,0,524985.0,164985.0
2023-05-30,P007,Gaming Mouse RGB,Peripherals,Mumbai,Maharashtra,4,2699.1,10,10796.4,5996.4
2023-05-30,P008,Laptop Stand Aluminum,Accessories,Delhi,Delhi,6,1274.15,15,7644.9,4044.9
2023-05-31,P001,Laptop Pro X1,Electronics,Ahmedabad,Gujarat,5,67499.1,10,337495.5,77495.5
2023-05-31,P002,Smart Watch S3,Wearables,Kolkata,West Bengal,8,24999.0,0,199992.0,79992.0
2023-05-31,P003,Wireless Earbuds,Audio,Pune,Maharashtra,10,4249.15,15,42491.5,17491.5
2023-05-31,P004,USB-C Hub 7-in-1,Accessories,Ahmedabad,Gujarat,7,1799.1,10,12593.7,6993.7
2023-05-31,P005,Mechanical Keyboard,Peripherals,Pune,Maharashtra,7,7649.15,15,53544.05,22044.05
2023-05-31,P006,Monitor 27inch 4K,Electronics,Ahmedabad,Gujarat,3,33249.05,5,99747.15,27747.15
2023-05-31,P007,Gaming Mouse RGB,Peripherals,Delhi,Delhi,10,2999.0,0,29990.0,17990.0
2023-05-31,P008,Laptop Stand Aluminum,Accessories,Ahmedabad,Gujarat,9,1499.0,0,13491.0,8091.0
2023-06-01,P001,Laptop Pro X1,Electronics,Kolkata,West Bengal,8,74999.0,0,599992.0,183992.0
2023-06-01,P002,Smart Watch S3,Wearables,Chennai,Tamil Nadu,9,24999.0,0,224991.0,89991.0
2023-06-01,P003,Wireless Earbuds,Audio,Delhi,Delhi,7,4749.05,5,33243.35,15743.35
2023-06-01,P004,USB-C Hub 7-in-1,Accessories,Mumbai,Maharashtra,7,1799.1,10,12593.7,6993.7
2023-06-01,P005,Mechanical Keyboard,Peripherals,Ahmedabad,Gujarat,10,8549.05,5,85490.5,40490.5
2023-06-01,P006,Monitor 27inch 4K,Electronics,Delhi,Delhi,6,33249.05,5,199494.3,55494.3
2023-06-01,P007,Gaming Mouse RGB,Peripherals,Chennai,Tamil Nadu,6,2999.0,0,17994.0,10794.0
2023-06-01,P008,Laptop Stand Aluminum,Accessories,Chennai,Tamil Nadu,8,1499.0,0,11992.0,7192.0
2023-06-02,P001,Laptop Pro X1,Electronics,Bangalore,Karnataka,11,71249.05,5,783739.55,211739.55
2023-06-02,P002,Smart Watch S3,Wearables,Pune,Maharashtra,8,24999.0,0,199992.0,79992.0
2023-06-02,P003,Wireless Earbuds,Audio,Chennai,Tamil Nadu,11,4999.0,0,54989.0,27489.0
2023-06-02,P004,USB-C Hub 7-in-1,Accessories,Hyderabad,Telangana,8,1899.05,5,15192.4,8792.4
2023-06-02,P005,Mechanical Keyboard,Peripherals,Mumbai,Maharashtra,10,8999.0,0,89990.0,44990.0
2023-06-02,P006,Monitor 27inch 4K,Electronics,Chennai,Tamil Nadu,6,31499.1,10,188994.6,44994.6
2023-06-02,P007,Gaming Mouse RGB,Peripherals,Chennai,Tamil Nadu,8,2849.05,5,22792.4,13192.4
2023-06-02,P008,Laptop Stand Aluminum,Accessories,Chennai,Tamil Nadu,7,1499.0,0,10493.0,6293.0
2023-06-03,P001,Laptop Pro X1,Electronics,Hyderabad,Telangana,9,74999.0,0,674991.0,206991.0
2023-06-03,P002,Smart Watch S3,Wearables,Chennai,Tamil Nadu,4,24999.0,0,99996.0,39996.0
2023-06-03,P003,Wireless Earbuds,Audio,Bangalore,Karnataka,15,4249.15,15,63737.25,26237.25
2023-06-03,P004,USB-C Hub 7-in-1,Accessories,Kolkata,West Bengal,9,1999.0,0,17991.0,10791.0
2023-06-03,P005,Mechanical Keyboard,Peripherals,Chennai,Tamil Nadu,8,8549.05,5,68392.4,32392.4
2023-06-03,P006,Monitor 27inch 4K,Electronics,Chennai,Tamil Nadu,15,31499.1,10,472486.5,112486.5
2023-06-03,P007,Gaming Mouse RGB,Peripherals,Pune,Maharashtra,2,2999.0,0,5998.0,3598.0
2023-06-03,P008,Laptop Stand Aluminum,Accessories,Ahmedabad,Gujarat,9,1424.05,5,12816.45,7416.45
2023-06-04,P001,Laptop Pro X1,Electronics,Pune,Maharashtra,12,74999.0,0,899988.0,275988.0
2023-06-04,P002,Smart Watch S3,Wearables,Hyderabad,Telangana,11,24999.0,0,274989.0,109989.0
2023-06-04,P003,Wireless Earbuds,Audio,Kolkata,West Bengal,16,4749.05,5,75984.8,35984.8
2023-06-04,P004,USB-C Hub 7-in-1,Accessories,Bangalore,Karnataka,8,1699.15,15,13593.2,7193.2
2023-06-04,P005,Mechanical Keyboard,Peripherals,Kolkata,West Bengal,18,8999.0,0,161982.0,80982.0
2023-06-04,P006,Monitor 27inch 4K,Electronics,Chennai,Tamil Nadu,15,34999.0,0,524985.0,164985.0
2023-06-04,P007,Gaming Mouse RGB,Peripherals,Pune,Maharashtra,16,2849.05,5,45584.8,26384.8
2023-06-04,P008,Laptop Stand Aluminum,Accessories,Mumbai,Maharashtra,5,1349.1,10,6745.5,3745.5
2023-06-05,P001,Laptop Pro X1,Electronics,Chennai,Tamil Nadu,14,63749.15,15,892488.1,164488.1
2023-06-05,P002,Smart Watch S3,Wearables,Delhi,Delhi,4,24999.0,0,99996.0,39996.0
2023-06-05,P003,Wireless Earbuds,Audio,Hyderabad,Telangana,12,4499.1,10,53989.2,23989.2
2023-06-05,P004,USB-C Hub 7-in-1,Accessories,Ahmedabad,Gujarat,5,1999.0,0,9995.0,5995.0
2023-06-05,P005,Mechanical Keyboard,Peripherals,Delhi,Delhi,6,8999.0,0,53994.0,26994.0
2023-06-05,P006,Monitor 27inch 4K,Electronics,Pune,Maharashtra,12,34999.0,0,419988.0,131988.0
2023-06-05,P007,Gaming Mouse RGB,Peripherals,Ahmedabad,Gujarat,9,2699.1,10,24291.9,13491.9
2023-06-05,P008,Laptop Stand Aluminum,Accessories,Chennai,Tamil Nadu,10,1424.05,5,14240.5,8240.5
2023-06-06,P001,Laptop Pro X1,Electronics,Pune,Maharashtra,9,74999.0,0,674991.0,206991.0
2023-06-06,P002,Smart Watch S3,Wearables,Kolkata,West Bengal,8,21249.15,15,169993.2,49993.2
2023-06-06,P003,Wireless Earbuds,Audio,Kolkata,West Bengal,11,4749.05,5,52239.55,24739.55
2023-06-06,P004,USB-C Hub 7-in-1,Accessories,Delhi,Delhi,7,1699.15,15,11894.05,6294.05
2023-06-06,P005,Mechanical Keyboard,Peripherals,Pune,Maharashtra,10,8999.0,0,89990.0,44990.0
2023-06-06,P006,Monitor 27inch 4K,Electronics,Delhi,Delhi,7,29749.15,15,208244.05,40244.05
2023-06-06,P007,Gaming Mouse RGB,Peripherals,Kolkata,West Bengal,16,2999.0,0,47984.0,28784.0
2023-06-06,P008,Laptop Stand Aluminum,Accessories,Mumbai,Maharashtra,7,1349.1,10,9443.7,5243.7
2023-06-07,P001,Laptop Pro X1,Electronics,Mumbai,Maharashtra,12,74999.0,0,899988.0,275988.0
2023-06-07,P002,Smart Watch S3,Wearables,Mumbai,Maharashtra,5,24999.0,0,124995.0,49995.0
2023-06-07,P003,Wireless Earbuds,Audio,Ahmedabad,Gujarat,7,4999.0,0,34993.0,17493.0
2023-06-07,P004,USB-C Hub 7-in-1,Accessories,Chennai,Tamil Nadu,11,1999.0,0,21989.0,13189.0
2023-06-07,P005,Mechanical Keyboard,Peripherals,Delhi,Delhi,8,8999.0,0,71992.0,35992.0
2023-06-07,P006,Monitor 27inch 4K,Electronics,Chennai,Tamil Nadu,11,31499.1,10,346490.1,82490.1
2023-06-07,P007,Gaming Mouse RGB,Peripherals,Kolkata,West Bengal,6,2999.0,0,17994.0,10794.0
2023-06-07,P008,Laptop Stand Aluminum,Accessories,Mumbai,Maharashtra,9,1349.1,10,12141.9,6741.9
2023-06-08,P001,Laptop Pro X1,Electronics,Kolkata,West Bengal,7,63749.15,15,446244.05,82244.05
2023-06-08,P002,Smart Watch S3,Wearables,Kolkata,West Bengal,5,24999.0,0,124995.0,49995.0
2023-06-08,P003,Wireless Earbuds,Audio,Mumbai,Maharashtra,8,4499.1,10,35992.8,15992.8
2023-06-08,P004,USB-C Hub 7-in-1,Accessories,Ahmedabad,Gujarat,4,1999.0,0,7996.0,4796.0
2023-06-08,P005,Mechanical Keyboard,Peripherals,Mumbai,Maharashtra,4,8099.1,10,32396.4,14396.4
2023-06-08,P006,Monitor 27inch 4K,Electronics,Hyderabad,Telangana,4,31499.1,10,125996.4,29996.4
2023-06-08,P007,Gaming Mouse RGB,Peripherals,Hyderabad,Telangana,12,2999.0,0,35988.0,21588.0
2023-06-08,P008,Laptop Stand Aluminum,Accessories,Ahmedabad,Gujarat,6,1499.0,0,8994.0,5394.0
2023-06-09,P001,Laptop Pro X1,Electronics,Bangalore,Karnataka,9,74999.0,0,674991.0,206991.0
2023-06-09,P002,Smart Watch S3,Wearables,Delhi,Delhi,8,24999.0,0,199992.0,79992.0
2023-06-09,P003,Wireless Earbuds,Audio,Chennai,Tamil Nadu,4,4499.1,10,17996.4,7996.4
2023-06-09,P004,USB-C Hub 7-in-1,Accessories,Hyderabad,Telangana,10,1999.0,0,19990.0,11990.0
2023-06-09,P005,Mechanical Keyboard,Peripherals,Hyderabad,Telangana,13,8549.05,5,111137.65,52637.65
2023-06-09,P006,Monitor 27inch 4K,Electronics,Bangalore,Karnataka,7,34999.0,0,244993.0,76993.0
2023-06-09,P007,Gaming Mouse RGB,Peripherals,Ahmedabad,Gujarat,6,2849.05,5,17094.3,9894.3
2023-06-09,P008,Laptop Stand Aluminum,Accessories,Chennai,Tamil Nadu,11,1274.15,15,14015.65,7415.65
2023-06-10,P001,Laptop Pro X1,Electronics,Chennai,Tamil Nadu,8,74999.0,0,599992.0,183992.0
2023-06-10,P002,Smart Watch S3,Wearables,Bangalore,Karnataka,11,21249.15,15,233740.65,68740.65
2023-06-10,P003,Wireless Earbuds,Audio,Mumbai,Maharashtra,8,4999.0,0,39992.0,19992.0
2023-06-10,P004,USB-C Hub 7-in-1,Accessories,Ahmedabad,Gujarat,18,1899.05,5,34182.9,19782.9
2023-06-10,P005,Mechanical Keyboard,Peripherals,Ahmedabad,Gujarat,9,8099.1,10,72891.9,32391.9
2023-06-10,P006,Monitor 27inch 4K,Electronics,Kolkata,West Bengal,7,34999.0,0,244993.0,76993.0
2023-06-10,P007,Gaming Mouse RGB,Peripherals,Mumbai,Maharashtra,11,2549.15,15,28040.65,14840.65
2023-06-10,P008,Laptop Stand Aluminum,Accessories,Delhi,Delhi,7,1499.0,0,10493.0,6293.0
2023-06-11,P001,Laptop Pro X1,Electronics,Kolkata,West Bengal,16,71249.05,5,1139984.8,307984.8
2023-06-11,P002,Smart Watch S3,Wearables,Pune,Maharashtra,15,22499.1,10,337486.5,112486.5
2023-06-11,P003,Wireless Earbuds,Audio,Bangalore,Karnataka,15,4499.1,10,67486.5,29986.5
2023-06-11,P004,USB-C Hub 7-in-1,Accessories,Mumbai,Maharashtra,11,1999.0,0,21989.0,13189.0
2023-06-11,P005,Mechanical Keyboard,Peripherals,Chennai,Tamil Nadu,7,7649.15,15,53544.05,22044.05
2023-06-11,P006,Monitor 27inch 4K,Electronics,Kolkata,West Bengal,12,34999.0,0,419988.0,131988.0
2023-06-11,P007,Gaming Mouse RGB,Peripherals,Mumbai,Maharashtra,16,2999.0,0,47984.0,28784.0
2023-06-11,P008,Laptop Stand Aluminum,Accessories,Hyderabad,Telangana,19,1349.1,10,25632.9,14232.9
2023-06-12,P001,Laptop Pro X1,Electronics,Mumbai,Maharashtra,4,74999.0,0,299996.0,91996.0
2023-06-12,P002,Smart Watch S3,Wearables,Pune,Maharashtra,6,24999.0,0,149994.0,59994.0
2023-06-12,P003,Wireless Earbuds,Audio,Chennai,Tamil Nadu,11,4499.1,10,49490.1,21990.1
2023-06-12,P004,USB-C Hub 7-in-1,Accessories,Delhi,Delhi,9,1699.15,15,15292.35,8092.35
2023-06-12,P005,Mechanical Keyboard,Peripherals,Ahmedabad,Gujarat,10,8999.0,0,89990.0,44990.0
2023-06-12,P006,Monitor 27inch 4K,Electronics,Hyderabad,Telangana,5,34999.0,0,174995.0,54995.0
2023-06-12,P007,Gaming Mouse RGB,Peripherals,Chennai,Tamil Nadu,4,2699.1,10,10796.4,5996.4
2023-06-12,P008,Laptop Stand Aluminum,Accessories,Ahmedabad,Gujarat,5,1274.15,15,6370.75,3370.75
2023-06-13,P001,Laptop Pro X1,Electronics,Pune,Maharashtra,8,71249.05,5,569992.4,153992.4
2023-06-13,P002,Smart Watch S3,Wearables,Delhi,Delhi,12,21249.15,15,254989.8,74989.8
2023-06-13,P003,Wireless Earbuds,Audio,Bangalore,Karnataka,6,4499.1,10,26994.6,11994.6
2023-06-13,P004,USB-C Hub 7-in-1,Accessories,Pune,Maharashtra,16,1999.0,0,31984.0,19184.0
2023-06-13,P005,Mechanical Keyboard,Peripherals,Bangalore,Karnataka,5,8549.05,5,42745.25,20245.25
2023-06-13,P006,Monitor 27inch 4K,Electronics,Chennai,Tamil Nadu,7,34999.0,0,244993.0,76993.0
2023-06-13,P007,Gaming Mouse RGB,Peripherals,Pune,Maharashtra,10,2699.1,10,26991.0,14991.0
2023-06-13,P008,Laptop Stand Aluminum,Accessories,Ahmedabad,Gujarat,7,1499.0,0,10493.0,6293.0
2023-06-14,P001,Laptop Pro X1,Electronics,Mumbai,Maharashtra,10,63749.15,15,637491.5,117491.5
2023-06-14,P002,Smart Watch S3,Wearables,Hyderabad,Telangana,6,23749.05,5,142494.3,52494.3
2023-06-14,P003,Wireless Earbuds,Audio,Kolkata,West Bengal,8,4999.0,0,39992.0,19992.0
2023-06-14,P004,USB-C Hub 7-in-1,Accessories,Pune,Maharashtra,10,1799.1,10,17991.0,9991.0
2023-06-14,P005,Mechanical Keyboard,Peripherals,Ahmedabad,Gujarat,5,8549.05,5,42745.25,20245.25
2023-06-14,P006,Monitor 27inch 4K,Electronics,Delhi,Delhi,6,29749.15,15,178494.9,34494.9
2023-06-14,P007,Gaming Mouse RGB,Peripherals,Ahmedabad,Gujarat,10,2999.0,0,29990.0,17990.0
2023-06-14,P008,Laptop Stand Aluminum,Accessories,Hyderabad,Telangana,3,1499.0,0,4497.0,2697.0
2023-06-15,P001,Laptop Pro X1,Electronics,Bangalore,Karnataka,1,74999.0,0,74999.0,22999.0
2023-06-15,P002,Smart Watch S3,Wearables,Hyderabad,Telangana,5,24999.0,0,124995.0,49995.0
2023-06-15,P003,Wireless Earbuds,Audio,Ahmedabad,Gujarat,14,4249.15,15,59488.1,24488.1
2023-06-15,P004,USB-C Hub 7-in-1,Accessories,Delhi,Delhi,8,1699.15,15,13593.2,7193.2
2023-06-15,P005,Mechanical Keyboard,Peripherals,Ahmedabad,Gujarat,7,8999.0,0,62993.0,31493.0
2023-06-15,P006,Monitor 27inch 4K,Electronics,Pune,Maharashtra,7,34999.0,0,244993.0,76993.0
2023-06-15,P007,Gaming Mouse RGB,Peripherals,Bangalore,Karnataka,11,2999.0,0,32989.0,19789.0
2023-06-15,P008,Laptop Stand Aluminum,Accessories,Hyderabad,Telangana,8,1424.05,5,11392.4,6592.4
2023-06-16,P001,Laptop Pro X1,Electronics,Pune,Maharashtra,2,74999.0,0,149998.0,45998.0
2023-06-16,P002,Smart Watch S3,Wearables,Bangalore,Karnataka,14,24999.0,0,349986.0,139986.0
2023-06-16,P003,Wireless Earbuds,Audio,Bangalore,Karnataka,9,4999.0,0,44991.0,22491.0
2023-06-16,P004,USB-C Hub 7-in-1,Accessories,Ahmedabad,Gujarat,5,1899.05,5,9495.25,5495.25
2023-06-16,P005,Mechanical Keyboard,Peripherals,Ahmedabad,Gujarat,11,8999.0,0,98989.0,49489.0
2023-06-16,P006,Monitor 27inch 4K,Electronics,Mumbai,Maharashtra,7,34999.0,0,244993.0,76993.0
2023-06-16,P007,Gaming Mouse RGB,Peripherals,Pune,Maharashtra,6,2699.1,10,16194.6,8994.6
2023-06-16,P008,Laptop Stand Aluminum,Accessories,Bangalore,Karnataka,9,1349.1,10,12141.9,6741.9
2023-06-17,P001,Laptop Pro X1,Electronics,Pune,Maharashtra,12,71249.05,5,854988.6,230988.6
2023-06-17,P002,Smart Watch S3,Wearables,Mumbai,Maharashtra,9,24999.0,0,224991.0,89991.0
2023-06-17,P003,Wireless Earbuds,Audio,Ahmedabad,Gujarat,7,4749.05,5,33243.35,15743.35
2023-06-17,P004,USB-C Hub 7-in-1,Accessories,Bangalore,Karnataka,8,1699.15,15,13593.2,7193.2
2023-06-17,P005,Mechanical Keyboard,Peripherals,Chennai,Tamil Nadu,9,8099.1,10,72891.9,32391.9
2023-06-17,P006,Monitor 27inch 4K,Electronics,Delhi,Delhi,18,29749.15,15,535484.7,103484.7
2023-06-17,P007,Gaming Mouse RGB,Peripherals,Ahmedabad,Gujarat,9,2999.0,0,26991.0,16191.0
2023-06-17,P008,Laptop Stand Aluminum,Accessories,Delhi,Delhi,11,1499.0,0,16489.0,9889.0
2023-06-18,P001,Laptop Pro X1,Electronics,Hyderabad,Telangana,2,74999.0,0,149998.0,45998.0
2023-06-18,P002,Smart Watch S3,Wearables,Kolkata,West Bengal,11,24999.0,0,274989.0,109989.0
2023-06-18,P003,Wireless Earbuds,Audio,Bangalore,Karnataka,5,4999.0,0,24995.0,12495.0
2023-06-18,P004,USB-C Hub 7-in-1,Accessories,Ahmedabad,Gujarat,14,1999.0,0,27986.0,16786.0
2023-06-18,P005,Mechanical Keyboard,Peripherals,Ahmedabad,Gujarat,15,8999.0,0,134985.0,67485.0
2023-06-18,P006,Monitor 27inch 4K,Electronics,Kolkata,West Bengal,9,34999.0,0,314991.0,98991.0
2023-06-18,P007,Gaming Mouse RGB,Peripherals,Pune,Maharashtra,15,2999.0,0,44985.0,26985.0
2023-06-18,P008,Laptop Stand Aluminum,Accessories,Chennai,Tamil Nadu,14,1274.15,15,17838.1,9438.1
2023-06-19,P001,Laptop Pro X1,Electronics,Kolkata,West Bengal,11,67499.1,10,742490.1,170490.1
2023-06-19,P002,Smart Watch S3,Wearables,Chennai,Tamil Nadu,12,23749.05,5,284988.6,104988.6
2023-06-19,P003,Wireless Earbuds,Audio,Bangalore,Karnataka,7,4999.0,0,34993.0,17493.0
2023-06-19,P004,USB-C Hub 7-in-1,Accessories,Hyderabad,Telangana,7,1999.0,0,13993.0,8393.0
2023-06-19,P005,Mechanical Keyboard,Peripherals,Ahmedabad,Gujarat,8,8999.0,0,71992.0,35992.0
2023-06-19,P006,Monitor 27inch 4K,Electronics,Ahmedabad,Gujarat,10,34999.0,0,349990.0,109990.0
2023-06-19,P007,Gaming Mouse RGB,Peripherals,Kolkata,West Bengal,11,2999.0,0,32989.0,19789.0
2023-06-19,P008,Laptop Stand Aluminum,Accessories,Ahmedabad,Gujarat,10,1274.15,15,12741.5,6741.5
2023-06-20,P001,Laptop Pro X1,Electronics,Delhi,Delhi,9,74999.0,0,674991.0,206991.0
2023-06-20,P002,Smart Watch S3,Wearables,Pune,Maharashtra,3,22499.1,10,67497.3,22497.3
2023-06-20,P003,Wireless Earbuds,Audio,Chennai,Tamil Nadu,7,4749.05,5,33243.35,15743.35
2023-06-20,P004,USB-C Hub 7-in-1,Accessories,Pune,Maharashtra,3,1999.0,0,5997.0,3597.0
2023-06-20,P005,Mechanical Keyboard,Peripherals,Ahmedabad,Gujarat,10,8999.0,0,89990.0,44990.0
2023-06-20,P006,Monitor 27inch 4K,Electronics,Hyderabad,Telangana,7,29749.15,15,208244.05,40244.05
2023-06-20,P007,Gaming Mouse RGB,Peripherals,Kolkata,West Bengal,6,2699.1,10,16194.6,8994.6
2023-06-20,P008,Laptop Stand Aluminum,Accessories,Chennai,Tamil Nadu,11,1499.0,0,16489.0,9889.0
2023-06-21,P001,Laptop Pro X1,Electronics,Ahmedabad,Gujarat,7,74999.0,0,524993.0,160993.0
2023-06-21,P002,Smart Watch S3,Wearables,Ahmedabad,Gujarat,12,24999.0,0,299988.0,119988.0
2023-06-21,P003,Wireless Earbuds,Audio,Bangalore,Karnataka,4,4499.1,10,17996.4,7996.4
2023-06-21,P004,USB-C Hub 7-in-1,Accessories,Chennai,Tamil Nadu,8,1799.1,10,14392.8,7992.8
2023-06-21,P005,Mechanical Keyboard,Peripherals,Delhi,Delhi,8,7649.15,15,61193.2,25193.2
2023-06-21,P006,Monitor 27inch 4K,Electronics,Mumbai,Maharashtra,4,29749.15,15,118996.6,22996.6
2023-06-21,P007,Gaming Mouse RGB,Peripherals,Kolkata,West Bengal,11,2549.15,15,28040.65,14840.65
2023-06-21,P008,Laptop Stand Aluminum,Accessories,Chennai,Tamil Nadu,7,1424.05,5,9968.35,5768.35
2023-06-22,P001,Laptop Pro X1,Electronics,Hyderabad,Telangana,8,63749.15,15,509993.2,93993.2
2023-06-22,P002,Smart Watch S3,Wearables,Bangalore,Karnataka,11,23749.05,5,261239.55,96239.55
2023-06-22,P003,Wireless Earbuds,Audio,Kolkata,West Bengal,3,4999.0,0,14997.0,7497.0
2023-06-22,P004,USB-C Hub 7-in-1,Accessories,Hyderabad,Telangana,10,1999.0,0,19990.0,11990.0
2023-06-22,P005,Mechanical Keyboard,Peripherals,Hyderabad,Telangana,11,7649.15,15,84140.65,34640.65
2023-06-22,P006,Monitor 27inch 4K,Electronics,Delhi,Delhi,3,29749.15,15,89247.45,17247.45
2023-06-22,P007,Gaming Mouse RGB,Peripherals,Ahmedabad,Gujarat,10,2849.05,5,28490.5,16490.5
2023-06-22,P008,Laptop Stand Aluminum,Accessories,Bangalore,Karnataka,9,1424.05,5,12816.45,7416.45
2023-06-23,P001,Laptop Pro X1,Electronics,Kolkata,West Bengal,8,67499.1,10,539992.8,123992.8
2023-06-23,P002,Smart Watch S3,Wearables,Ahmedabad,Gujarat,9,22499.1,10,202491.9,67491.9
2023-06-23,P003,Wireless Earbuds,Audio,Ahmedabad,Gujarat,7,4499.1,10,31493.7,13993.7
2023-06-23,P004,USB-C Hub 7-in-1,Accessories,Mumbai,Maharashtra,6,1999.0,0,11994.0,7194.0
2023-06-23,P005,Mechanical Keyboard,Peripherals,Bangalore,Karnataka,10,8999.0,0,89990.0,44990.0
2023-06-23,P006,Monitor 27inch 4K,Electronics,Chennai,Tamil Nadu,12,29749.15,15,356989.8,68989.8
2023-06-23,P007,Gaming Mouse RGB,Peripherals,Pune,Maharashtra,8,2999.0,0,23992.0,14392.0
2023-06-23,P008,Laptop Stand Aluminum,Accessories,Mumbai,Maharashtra,9,1349.1,10,12141.9,6741.9
2023-06-24,P001,Laptop Pro X1,Electronics,Ahmedabad,Gujarat,15,74999.0,0,1124985.0,344985.0
2023-06-24,P002,Smart Watch S3,Wearables,Ahmedabad,Gujarat,12,24999.0,0,299988.0,119988.0
2023-06-24,P003,Wireless Earbuds,Audio,Mumbai,Maharashtra,8,4999.0,0,39992.0,19992.0
2023-06-24,P004,USB-C Hub 7-in-1,Accessories,Hyderabad,Telangana,11,1999.0,0,21989.0,13189.0
2023-06-24,P005,Mechanical Keyboard,Peripherals,Chennai,Tamil Nadu,8,8549.05,5,68392.4,32392.4
2023-06-24,P006,Monitor 27inch 4K,Electronics,Pune,Maharashtra,12,33249.05,5,398988.6,110988.6
2023-06-24,P007,Gaming Mouse RGB,Peripherals,Kolkata,West Bengal,9,2549.15,15,22942.35,12142.35
2023-06-24,P008,Laptop Stand Aluminum,Accessories,Delhi,Delhi,9,1499.0,0,13491.0,8091.0
2023-06-25,P001,Laptop Pro X1,Electronics,Mumbai,Maharashtra,8,71249.05,5,569992.4,153992.4
2023-06-25,P002,Smart Watch S3,Wearables,Bangalore,Karnataka,12,24999.0,0,299988.0,119988.0
2023-06-25,P003,Wireless Earbuds,Audio,Ahmedabad,Gujarat,18,4999.0,0,89982.0,44982.0
2023-06-25,P004,USB-C Hub 7-in-1,Accessories,Bangalore,Karnataka,7,1699.15,15,11894.05,6294.05
2023-06-25,P005,Mechanical Keyboard,Peripherals,Delhi,Delhi,2,8999.0,0,17998.0,8998.0
2023-06-25,P006,Monitor 27inch 4K,Electronics,Hyderabad,Telangana,7,34999.0,0,244993.0,76993.0
2023-06-25,P007,Gaming Mouse RGB,Peripherals,Kolkata,West Bengal,8,2999.0,0,23992.0,14392.0
2023-06-25,P008,Laptop Stand Aluminum,Accessories,Kolkata,West Bengal,12,1499.0,0,17988.0,10788.0
2023-06-26,P001,Laptop Pro X1,Electronics,Kolkata,West Bengal,11,74999.0,0,824989.0,252989.0
2023-06-26,P002,Smart Watch S3,Wearables,Kolkata,West Bengal,9,21249.15,15,191242.35,56242.35
2023-06-26,P003,Wireless Earbuds,Audio,Kolkata,West Bengal,5,4999.0,0,24995.0,12495.0
2023-06-26,P004,USB-C Hub 7-in-1,Accessories,Bangalore,Karnataka,10,1999.0,0,19990.0,11990.0
2023-06-26,P005,Mechanical Keyboard,Peripherals,Mumbai,Maharashtra,5,7649.15,15,38245.75,15745.75
2023-06-26,P006,Monitor 27inch 4K,Electronics,Bangalore,Karnataka,14,34999.0,0,489986.0,153986.0
2023-06-26,P007,Gaming Mouse RGB,Peripherals,Pune,Maharashtra,5,2549.15,15,12745.75,6745.75
2023-06-26,P008,Laptop Stand Aluminum,Accessories,Bangalore,Karnataka,8,1274.15,15,10193.2,5393.2
2023-06-27,P001,Laptop Pro X1,Electronics,Delhi,Delhi,6,63749.15,15,382494.9,70494.9
2023-06-27,P002,Smart Watch S3,Wearables,Chennai,Tamil Nadu,13,22499.1,10,292488.3,97488.3
2023-06-27,P003,Wireless Earbuds,Audio,Delhi,Delhi,8,4499.1,10,35992.8,15992.8
2023-06-27,P004,USB-C Hub 7-in-1,Accessories,Delhi,Delhi,6,1999.0,0,11994.0,7194.0
2023-06-27,P005,Mechanical Keyboard,Peripherals,Ahmedabad,Gujarat,7,8549.05,5,59843.35,28343.35
2023-06-27,P006,Monitor 27inch 4K,Electronics,Chennai,Tamil Nadu,5,33249.05,5,166245.25,46245.25
2023-06-27,P007,Gaming Mouse RGB,Peripherals,Delhi,Delhi,11,2999.0,0,32989.0,19789.0
2023-06-27,P008,Laptop Stand Aluminum,Accessories,Ahmedabad,Gujarat,11,1424.05,5,15664.55,9064.55
2023-06-28,P001,Laptop Pro X1,Electronics,Mumbai,Maharashtra,9,63749.15,15,573742.35,105742.35
2023-06-28,P002,Smart Watch S3,Wearables,Chennai,Tamil Nadu,5,23749.05,5,118745.25,43745.25
2023-06-28,P003,Wireless Earbuds,Audio,Ahmedabad,Gujarat,11,4749.05,5,52239.55,24739.55
2023-06-28,P004,USB-C Hub 7-in-1,Accessories,Mumbai,Maharashtra,6,1699.15,15,10194.9,5394.9
2023-06-28,P005,Mechanical Keyboard,Peripherals,Chennai,Tamil Nadu,10,8999.0,0,89990.0,44990.0
2023-06-28,P006,Monitor 27inch 4K,Electronics,Hyderabad,Telangana,4,29749.15,15,118996.6,22996.6
2023-06-28,P007,Gaming Mouse RGB,Peripherals,Bangalore,Karnataka,7,2699.1,10,18893.7,10493.7
2023-06-28,P008,Laptop Stand Aluminum,Accessories,Bangalore,Karnataka,11,1349.1,10,14840.1,8240.1
2023-06-29,P001,Laptop Pro X1,Electronics,Delhi,Delhi,10,74999.0,0,749990.0,229990.0
2023-06-29,P002,Smart Watch S3,Wearables,Pune,Maharashtra,7,24999.0,0,174993.0,69993.0
2023-06-29,P003,Wireless Earbuds,Audio,Kolkata,West Bengal,10,4999.0,0,49990.0,24990.0
2023-06-29,P004,USB-C Hub 7-in-1,Accessories,Hyderabad,Telangana,8,1699.15,15,13593.2,7193.2
2023-06-29,P005,Mechanical Keyboard,Peripherals,Kolkata,West Bengal,3,8099.1,10,24297.3,10797.3
2023-06-29,P006,Monitor 27inch 4K,Electronics,Pune,Maharashtra,7,31499.1,10,220493.7,52493.7
2023-06-29,P007,Gaming Mouse RGB,Peripherals,Ahmedabad,Gujarat,6,2699.1,10,16194.6,8994.6
2023-06-29,P008,Laptop Stand Aluminum,Accessories,Ahmedabad,Gujarat,8,1349.1,10,10792.8,5992.8
2023-06-30,P001,Laptop Pro X1,Electronics,Bangalore,Karnataka,9,74999.0,0,674991.0,206991.0
2023-06-30,P002,Smart Watch S3,Wearables,Pune,Maharashtra,10,23749.05,5,237490.5,87490.5
2023-06-30,P003,Wireless Earbuds,Audio,Delhi,Delhi,12,4249.15,15,50989.8,20989.8
2023-06-30,P004,USB-C Hub 7-in-1,Accessories,Hyderabad,Telangana,10,1799.1,10,17991.0,9991.0
2023-06-30,P005,Mechanical Keyboard,Peripherals,Bangalore,Karnataka,7,7649.15,15,53544.05,22044.05
2023-06-30,P006,Monitor 27inch 4K,Electronics,Delhi,Delhi,7,34999.0,0,244993.0,76993.0
2023-06-30,P007,Gaming Mouse RGB,Peripherals,Bangalore,Karnataka,13,2999.0,0,38987.0,23387.0
2023-06-30,P008,Laptop Stand Aluminum,Accessories,Hyderabad,Telangana,8,1499.0,0,11992.0,7192.0
2023-07-01,P001,Laptop Pro X1,Electronics,Delhi,Delhi,18,74999.0,0,1349982.0,413982.0
2023-07-01,P002,Smart Watch S3,Wearables,Delhi,Delhi,7,22499.1,10,157493.7,52493.7
2023-07-01,P003,Wireless Earbuds,Audio,Ahmedabad,Gujarat,9,4749.05,5,42741.45,20241.45
2023-07-01,P004,USB-C Hub 7-in-1,Accessories,Delhi,Delhi,12,1799.1,10,21589.2,11989.2
2023-07-01,P005,Mechanical Keyboard,Peripherals,Ahmedabad,Gujarat,4,8549.05,5,34196.2,16196.2
2023-07-01,P006,Monitor 27inch 4K,Electronics,Delhi,Delhi,15,33249.05,5,498735.75,138735.75
2023-07-01,P007,Gaming Mouse RGB,Peripherals,Delhi,Delhi,7,2699.1,10,18893.7,10493.7
2023-07-01,P008,Laptop Stand Aluminum,Accessories,Delhi,Delhi,8,1424.05,5,11392.4,6592.4
2023-07-02,P001,Laptop Pro X1,Electronics,Hyderabad,Telangana,11,74999.0,0,824989.0,252989.0
2023-07-02,P002,Smart Watch S3,Wearables,Delhi,Delhi,5,24999.0,0,124995.0,49995.0
2023-07-02,P003,Wireless Earbuds,Audio,Kolkata,West Bengal,7,4499.1,10,31493.7,13993.7
2023-07-02,P004,USB-C Hub 7-in-1,Accessories,Mumbai,Maharashtra,21,1999.0,0,41979.0,25179.0
2023-07-02,P005,Mechanical Keyboard,Peripherals,Mumbai,Maharashtra,5,8549.05,5,42745.25,20245.25
2023-07-02,P006,Monitor 27inch 4K,Electronics,Delhi,Delhi,7,34999.0,0,244993.0,76993.0
2023-07-02,P007,Gaming Mouse RGB,Peripherals,Ahmedabad,Gujarat,19,2699.1,10,51282.9,28482.9
2023-07-02,P008,Laptop Stand Aluminum,Accessories,Kolkata,West Bengal,7,1424.05,5,9968.35,5768.35
2023-07-03,P001,Laptop Pro X1,Electronics,Kolkata,West Bengal,12,71249.05,5,854988.6,230988.6
2023-07-03,P002,Smart Watch S3,Wearables,Kolkata,West Bengal,13,23749.05,5,308737.65,113737.65
2023-07-03,P003,Wireless Earbuds,Audio,Delhi,Delhi,5,4999.0,0,24995.0,12495.0
2023-07-03,P004,USB-C Hub 7-in-1,Accessories,Mumbai,Maharashtra,6,1999.0,0,11994.0,7194.0
2023-07-03,P005,Mechanical Keyboard,Peripherals,Hyderabad,Telangana,8,8999.0,0,71992.0,35992.0
2023-07-03,P006,Monitor 27inch 4K,Electronics,Hyderabad,Telangana,8,34999.0,0,279992.0,87992.0
2023-07-03,P007,Gaming Mouse RGB,Peripherals,Hyderabad,Telangana,6,2999.0,0,17994.0,10794.0
2023-07-03,P008,Laptop Stand Aluminum,Accessories,Kolkata,West Bengal,3,1349.1,10,4047.3,2247.3
2023-07-04,P001,Laptop Pro X1,Electronics,Kolkata,West Bengal,10,67499.1,10,674991.0,154991.0
2023-07-04,P002,Smart Watch S3,Wearables,Bangalore,Karnataka,6,22499.1,10,134994.6,44994.6
2023-07-04,P003,Wireless Earbuds,Audio,Bangalore,Karnataka,7,4999.0,0,34993.0,17493.0
2023-07-04,P004,USB-C Hub 7-in-1,Accessories,Pune,Maharashtra,4,1799.1,10,7196.4,3996.4
2023-07-04,P005,Mechanical Keyboard,Peripherals,Mumbai,Maharashtra,7,7649.15,15,53544.05,22044.05
2023-07-04,P006,Monitor 27inch 4K,Electronics,Kolkata,West Bengal,10,31499.1,10,314991.0,74991.0
2023-07-04,P007,Gaming Mouse RGB,Peripherals,Chennai,Tamil Nadu,4,2849.05,5,11396.2,6596.2
2023-07-04,P008,Laptop Stand Aluminum,Accessories,Bangalore,Karnataka,10,1274.15,15,12741.5,6741.5
2023-07-05,P001,Laptop Pro X1,Electronics,Chennai,Tamil Nadu,7,74999.0,0,524993.0,160993.0
2023-07-05,P002,Smart Watch S3,Wearables,Mumbai,Maharashtra,11,23749.05,5,261239.55,96239.55
2023-07-05,P003,Wireless Earbuds,Audio,Hyderabad,Telangana,9,4999.0,0,44991.0,22491.0
2023-07-05,P004,USB-C Hub 7-in-1,Accessories,Bangalore,Karnataka,7,1899.05,5,13293.35,7693.35
2023-07-05,P005,Mechanical Keyboard,Peripherals,Bangalore,Karnataka,9,8999.0,0,80991.0,40491.0
2023-07-05,P006,Monitor 27inch 4K,Electronics,Chennai,Tamil Nadu,6,29749.15,15,178494.9,34494.9
2023-07-05,P007,Gaming Mouse RGB,Peripherals,Pune,Maharashtra,8,2549.15,15,20393.2,10793.2
2023-07-05,P008,Laptop Stand Aluminum,Accessories,Ahmedabad,Gujarat,6,1499.0,0,8994.0,5394.0
2023-07-06,P001,Laptop Pro X1,Electronics,Delhi,Delhi,8,74999.0,0,599992.0,183992.0
2023-07-06,P002,Smart Watch S3,Wearables,Chennai,Tamil Nadu,10,24999.0,0,249990.0,99990.0
2023-07-06,P003,Wireless Earbuds,Audio,Pune,Maharashtra,9,4499.1,10,40491.9,17991.9
2023-07-06,P004,USB-C Hub 7-in-1,Accessories,Hyderabad,Telangana,7,1799.1,10,12593.7,6993.7
2023-07-06,P005,Mechanical Keyboard,Peripherals,Delhi,Delhi,13,8999.0,0,116987.0,58487.0
2023-07-06,P006,Monitor 27inch 4K,Electronics,Hyderabad,Telangana,9,34999.0,0,314991.0,98991.0
2023-07-06,P007,Gaming Mouse RGB,Peripherals,Hyderabad,Telangana,10,2699.1,10,26991.0,14991.0
2023-07-06,P008,Laptop Stand Aluminum,Accessories,Bangalore,Karnataka,7,1499.0,0,10493.0,6293.0
2023-07-07,P001,Laptop Pro X1,Electronics,Ahmedabad,Gujarat,9,74999.0,0,674991.0,206991.0
2023-07-07,P002,Smart Watch S3,Wearables,Hyderabad,Telangana,7,21249.15,15,148744.05,43744.05
2023-07-07,P003,Wireless Earbuds,Audio,Delhi,Delhi,9,4249.15,15,38242.35,15742.35
2023-07-07,P004,USB-C Hub 7-in-1,Accessories,Delhi,Delhi,10,1999.0,0,19990.0,11990.0
2023-07-07,P005,Mechanical Keyboard,Peripherals,Delhi,Delhi,6,7649.15,15,45894.9,18894.9
2023-07-07,P006,Monitor 27inch 4K,Electronics,Pune,Maharashtra,6,34999.0,0,209994.0,65994.0
2023-07-07,P007,Gaming Mouse RGB,Peripherals,Ahmedabad,Gujarat,1,2849.05,5,2849.05,1649.05
2023-07-07,P008,Laptop Stand Aluminum,Accessories,Delhi,Delhi,10,1349.1,10,13491.0,7491.0
2023-07-08,P001,Laptop Pro X1,Electronics,Hyderabad,Telangana,7,63749.15,15,446244.05,82244.05
2023-07-08,P002,Smart Watch S3,Wearables,Ahmedabad,Gujarat,18,23749.05,5,427482.9,157482.9
2023-07-08,P003,Wireless Earbuds,Audio,Kolkata,West Bengal,18,4999.0,0,89982.0,44982.0
2023-07-08,P004,USB-C Hub 7-in-1,Accessories,Bangalore,Karnataka,15,1899.05,5,28485.75,16485.75
2023-07-08,P005,Mechanical Keyboard,Peripherals,Hyderabad,Telangana,12,7649.15,15,91789.8,37789.8
2023-07-08,P006,Monitor 27inch 4K,Electronics,Pune,Maharashtra,9,33249.05,5,299241.45,83241.45
2023-07-08,P007,Gaming Mouse RGB,Peripherals,Kolkata,West Bengal,8,2999.0,0,23992.0,14392.0
2023-07-08,P008,Laptop Stand Aluminum,Accessories,Mumbai,Maharashtra,12,1274.15,15,15289.8,8089.8
2023-07-09,P001,Laptop Pro X1,Electronics,Bangalore,Karnataka,11,63749.15,15,701240.65,129240.65
2023-07-09,P002,Smart Watch S3,Wearables,Kolkata,West Bengal,8,21249.15,15,169993.2,49993.2
2023-07-09,P003,Wireless Earbuds,Audio,Pune,Maharashtra,14,4999.0,0,69986.0,34986.0
2023-07-09,P004,USB-C Hub 7-in-1,Accessories,Ahmedabad,Gujarat,12,1999.0,0,23988.0,14388.0
2023-07-09,P005,Mechanical Keyboard,Peripherals,Ahmedabad,Gujarat,9,8999.0,0,80991.0,40491.0
2023-07-09,P006,Monitor 27inch 4K,Electronics,Kolkata,West Bengal,14,34999.0,0,489986.0,153986.0
2023-07-09,P007,Gaming Mouse RGB,Peripherals,Pune,Maharashtra,11,2999.0,0,32989.0,19789.0
2023-07-09,P008,Laptop Stand Aluminum,Accessories,Pune,Maharashtra,8,1349.1,10,10792.8,5992.8
2023-07-10,P001,Laptop Pro X1,Electronics,Delhi,Delhi,7,67499.1,10,472493.7,108493.7
2023-07-10,P002,Smart Watch S3,Wearables,Kolkata,West Bengal,10,24999.0,0,249990.0,99990.0
2023-07-10,P003,Wireless Earbuds,Audio,Mumbai,Maharashtra,5,4999.0,0,24995.0,12495.0
2023-07-10,P004,USB-C Hub 7-in-1,Accessories,Bangalore,Karnataka,9,1699.15,15,15292.35,8092.35
2023-07-10,P005,Mechanical Keyboard,Peripherals,Kolkata,West Bengal,5,8999.0,0,44995.0,22495.0
2023-07-10,P006,Monitor 27inch 4K,Electronics,Bangalore,Karnataka,8,34999.0,0,279992.0,87992.0
2023-07-10,P007,Gaming Mouse RGB,Peripherals,Kolkata,West Bengal,4,2849.05,5,11396.2,6596.2
2023-07-10,P008,Laptop Stand Aluminum,Accessories,Mumbai,Maharashtra,7,1424.05,5,9968.35,5768.35
2023-07-11,P001,Laptop Pro X1,Electronics,Chennai,Tamil Nadu,5,63749.15,15,318745.75,58745.75
2023-07-11,P002,Smart Watch S3,Wearables,Delhi,Delhi,16,21249.15,15,339986.4,99986.4
2023-07-11,P003,Wireless Earbuds,Audio,Hyderabad,Telangana,2,4999.0,0,9998.0,4998.0
2023-07-11,P004,USB-C Hub 7-in-1,Accessories,Hyderabad,Telangana,8,1999.0,0,15992.0,9592.0
2023-07-11,P005,Mechanical Keyboard,Peripherals,Pune,Maharashtra,9,8999.0,0,80991.0,40491.0
2023-07-11,P006,Monitor 27inch 4K,Electronics,Bangalore,Karnataka,11,34999.0,0,384989.0,120989.0
2023-07-11,P007,Gaming Mouse RGB,Peripherals,Delhi,Delhi,8,2999.0,0,23992.0,14392.0
2023-07-11,P008,Laptop Stand Aluminum,Accessories,Ahmedabad,Gujarat,6,1274.15,15,7644.9,4044.9
2023-07-12,P001,Laptop Pro X1,Electronics,Hyderabad,Telangana,11,63749.15,15,701240.65,129240.65
2023-07-12,P002,Smart Watch S3,Wearables,Chennai,Tamil Nadu,7,23749.05,5,166243.35,61243.35
2023-07-12,P003,Wireless Earbuds,Audio,Bangalore,Karnataka,10,4249.15,15,42491.5,17491.5
2023-07-12,P004,USB-C Hub 7-in-1,Accessories,Bangalore,Karnataka,10,1999.0,0,19990.0,11990.0
2023-07-12,P005,Mechanical Keyboard,Peripherals,Chennai,Tamil Nadu,8,8549.05,5,68392.4,32392.4
2023-07-12,P006,Monitor 27inch 4K,Electronics,Bangalore,Karnataka,7,34999.0,0,244993.0,76993.0
2023-07-12,P007,Gaming Mouse RGB,Peripherals,Chennai,Tamil Nadu,3,2699.1,10,8097.3,4497.3
2023-07-12,P008,Laptop Stand Aluminum,Accessories,Kolkata,West Bengal,13,1499.0,0,19487.0,11687.0
2023-07-13,P001,Laptop Pro X1,Electronics,Mumbai,Maharashtra,7,63749.15,15,446244.05,82244.05
2023-07-13,P002,Smart Watch S3,Wearables,Pune,Maharashtra,7,24999.0,0,174993.0,69993.0
2023-07-13,P003,Wireless Earbuds,Audio,Ahmedabad,Gujarat,12,4249.15,15,50989.8,20989.8
2023-07-13,P004,USB-C Hub 7-in-1,Accessories,Delhi,Delhi,5,1899.05,5,9495.25,5495.25
2023-07-13,P005,Mechanical Keyboard,Peripherals,Bangalore,Karnataka,7,8999.0,0,62993.0,31493.0
2023-07-13,P006,Monitor 27inch 4K,Electronics,Ahmedabad,Gujarat,7,34999.0,0,244993.0,76993.0
2023-07-13,P007,Gaming Mouse RGB,Peripherals,Bangalore,Karnataka,6,2999.0,0,17994.0,10794.0
2023-07-13,P008,Laptop Stand Aluminum,Accessories,Pune,Maharashtra,9,1499.0,0,13491.0,8091.0
2023-07-14,P001,Laptop Pro X1,Electronics,Hyderabad,Telangana,6,74999.0,0,449994.0,137994.0
2023-07-14,P002,Smart Watch S3,Wearables,Ahmedabad,Gujarat,7,24999.0,0,174993.0,69993.0
2023-07-14,P003,Wireless Earbuds,Audio,Delhi,Delhi,11,4999.0,0,54989.0,27489.0
2023-07-14,P004,USB-C Hub 7-in-1,Accessories,Mumbai,Maharashtra,10,1799.1,10,17991.0,9991.0
2023-07-14,P005,Mechanical Keyboard,Peripherals,Delhi,Delhi,4,8549.05,5,34196.2,16196.2
2023-07-14,P006,Monitor 27inch 4K,Electronics,Pune,Maharashtra,11,29749.15,15,327240.65,63240.65
2023-07-14,P007,Gaming Mouse RGB,Peripherals,Chennai,Tamil Nadu,9,2549.15,15,22942.35,12142.35
2023-07-14,P008,Laptop Stand Aluminum,Accessories,Delhi,Delhi,11,1424.05,5,15664.55,9064.55
2023-07-15,P001,Laptop Pro X1,Electronics,Kolkata,West Bengal,5,74999.0,0,374995.0,114995.0
2023-07-15,P002,Smart Watch S3,Wearables,Bangalore,Karnataka,9,24999.0,0,224991.0,89991.0
2023-07-15,P003,Wireless Earbuds,Audio,Delhi,Delhi,9,4999.0,0,44991.0,22491.0
2023-07-15,P004,USB-C Hub 7-in-1,Accessories,Ahmedabad,Gujarat,16,1999.0,0,31984.0,19184.0
2023-07-15,P005,Mechanical Keyboard,Peripherals,Ahmedabad,Gujarat,9,8999.0,0,80991.0,40491.0
2023-07-15,P006,Monitor 27inch 4K,Electronics,Delhi,Delhi,19,34999.0,0,664981.0,208981.0
2023-07-15,P007,Gaming Mouse RGB,Peripherals,Hyderabad,Telangana,9,2549.15,15,22942.35,12142.35
2023-07-15,P008,Laptop Stand Aluminum,Accessories,Bangalore,Karnataka,4,1499.0,0,5996.0,3596.0
2023-07-16,P001,Laptop Pro X1,Electronics,Hyderabad,Telangana,12,63749.15,15,764989.8,140989.8
2023-07-16,P002,Smart Watch S3,Wearables,Mumbai,Maharashtra,18,21249.15,15,382484.7,112484.7
2023-07-16,P003,Wireless Earbuds,Audio,Hyderabad,Telangana,8,4999.0,0,39992.0,19992.0
2023-07-16,P004,USB-C Hub 7-in-1,Accessories,Chennai,Tamil Nadu,7,1699.15,15,11894.05,6294.05
2023-07-16,P005,Mechanical Keyboard,Peripherals,Ahmedabad,Gujarat,8,8999.0,0,71992.0,35992.0
2023-07-16,P006,Monitor 27inch 4K,Electronics,Mumbai,Maharashtra,7,34999.0,0,244993.0,76993.0
2023-07-16,P007,Gaming Mouse RGB,Peripherals,Kolkata,West Bengal,7,2849.05,5,19943.35,11543.35
2023-07-16,P008,Laptop Stand Aluminum,Accessories,Bangalore,Karnataka,8,1499.0,0,11992.0,7192.0
2023-07-17,P001,Laptop Pro X1,Electronics,Kolkata,West Bengal,15,63749.15,15,956237.25,176237.25
2023-07-17,P002,Smart Watch S3,Wearables,Bangalore,Karnataka,7,22499.1,10,157493.7,52493.7
2023-07-17,P003,Wireless Earbuds,Audio,Mumbai,Maharashtra,9,4999.0,0,44991.0,22491.0
2023-07-17,P004,USB-C Hub 7-in-1,Accessories,Pune,Maharashtra,10,1999.0,0,19990.0,11990.0
2023-07-17,P005,Mechanical Keyboard,Peripherals,Ahmedabad,Gujarat,10,8099.1,10,80991.0,35991.0
2023-07-17,P006,Monitor 27inch 4K,Electronics,Ahmedabad,Gujarat,7,34999.0,0,244993.0,76993.0
2023-07-17,P007,Gaming Mouse RGB,Peripherals,Delhi,Delhi,9,2849.05,5,25641.45,14841.45
2023-07-17,P008,Laptop Stand Aluminum,Accessories,Bangalore,Karnataka,6,1499.0,0,8994.0,5394.0
2023-07-18,P001,Laptop Pro X1,Electronics,Bangalore,Karnataka,7,74999.0,0,524993.0,160993.0
2023-07-18,P002,Smart Watch S3,Wearables,Hyderabad,Telangana,9,24999.0,0,224991.0,89991.0
2023-07-18,P003,Wireless Earbuds,Audio,Mumbai,Maharashtra,7,4999.0,0,34993.0,17493.0
2023-07-18,P004,USB-C Hub 7-in-1,Accessories,Ahmedabad,Gujarat,5,1799.1,10,8995.5,4995.5
2023-07-18,P005,Mechanical Keyboard,Peripherals,Hyderabad,Telangana,9,7649.15,15,68842.35,28342.35
2023-07-18,P006,Monitor 27inch 4K,Electronics,Ahmedabad,Gujarat,5,33249.05,5,166245.25,46245.25
2023-07-18,P007,Gaming Mouse RGB,Peripherals,Ahmedabad,Gujarat,8,2999.0,0,23992.0,14392.0
2023-07-18,P008,Laptop Stand Aluminum,Accessories,Delhi,Delhi,5,1499.0,0,7495.0,4495.0
2023-07-19,P001,Laptop Pro X1,Electronics,Bangalore,Karnataka,12,74999.0,0,899988.0,275988.0
2023-07-19,P002,Smart Watch S3,Wearables,Bangalore,Karnataka,6,22499.1,10,134994.6,44994.6
2023-07-19,P003,Wireless Earbuds,Audio,Chennai,Tamil Nadu,9,4999.0,0,44991.0,22491.0
2023-07-19,P004,USB-C Hub 7-in-1,Accessories,Pune,Maharashtra,1,1899.05,5,1899.05,1099.05
2023-07-19,P005,Mechanical Keyboard,Peripherals,Bangalore,Karnataka,9,8999.0,0,80991.0,40491.0
2023-07-19,P006,Monitor 27inch 4K,Electronics,Ahmedabad,Gujarat,8,29749.15,15,237993.2,45993.2
2023-07-19,P007,Gaming Mouse RGB,Peripherals,Chennai,Tamil Nadu,10,2999.0,0,29990.0,17990.0
2023-07-19,P008,Laptop Stand Aluminum,Accessories,Chennai,Tamil Nadu,10,1499.0,0,14990.0,8990.0
2023-07-20,P001,Laptop Pro X1,Electronics,Ahmedabad,Gujarat,5,74999.0,0,374995.0,114995.0
2023-07-20,P002,Smart Watch S3,Wearables,Kolkata,West Bengal,12,22499.1,10,269989.2,89989.2
2023-07-20,P003,Wireless Earbuds,Audio,Mumbai,Maharashtra,3,4999.0,0,14997.0,7497.0
2023-07-20,P004,USB-C Hub 7-in-1,Accessories,Delhi,Delhi,6,1999.0,0,11994.0,7194.0
2023-07-20,P005,Mechanical Keyboard,Peripherals,Mumbai,Maharashtra,6,7649.15,15,45894.9,18894.9
2023-07-20,P006,Monitor 27inch 4K,Electronics,Delhi,Delhi,8,29749.15,15,237993.2,45993.2
2023-07-20,P007,Gaming Mouse RGB,Peripherals,Mumbai,Maharashtra,4,2999.0,0,11996.0,7196.0
2023-07-20,P008,Laptop Stand Aluminum,Accessories,Kolkata,West Bengal,8,1499.0,0,11992.0,7192.0
2023-07-21,P001,Laptop Pro X1,Electronics,Hyderabad,Telangana,7,74999.0,0,524993.0,160993.0
2023-07-21,P002,Smart Watch S3,Wearables,Pune,Maharashtra,6,24999.0,0,149994.0,59994.0
2023-07-21,P003,Wireless Earbuds,Audio,Hyderabad,Telangana,5,4249.15,15,21245.75,8745.75
2023-07-21,P004,USB-C Hub 7-in-1,Accessories,Bangalore,Karnataka,12,1999.0,0,23988.0,14388.0
2023-07-21,P005,Mechanical Keyboard,Peripherals,Pune,Maharashtra,14,8549.05,5,119686.7,56686.7
2023-07-21,P006,Monitor 27inch 4K,Electronics,Hyderabad,Telangana,10,31499.1,10,314991.0,74991.0
2023-07-21,P007,Gaming Mouse RGB,Peripherals,Bangalore,Karnataka,7,2999.0,0,20993.0,12593.0
2023-07-21,P008,Laptop Stand Aluminum,Accessories,Bangalore,Karnataka,3,1424.05,5,4272.15,2472.15
2023-07-22,P001,Laptop Pro X1,Electronics,Kolkata,West Bengal,5,67499.1,10,337495.5,77495.5
2023-07-22,P002,Smart Watch S3,Wearables,Pune,Maharashtra,19,24999.0,0,474981.0,189981.0
2023-07-22,P003,Wireless Earbuds,Audio,Kolkata,West Bengal,8,4499.1,10,35992.8,15992.8
2023-07-22,P004,USB-C Hub 7-in-1,Accessories,Delhi,Delhi,14,1999.0,0,27986.0,16786.0
2023-07-22,P005,Mechanical Keyboard,Peripherals,Delhi,Delhi,14,8999.0,0,125986.0,62986.0
2023-07-22,P006,Monitor 27inch 4K,Electronics,Bangalore,Karnataka,14,31499.1,10,440987.4,104987.4
2023-07-22,P007,Gaming Mouse RGB,Peripherals,Bangalore,Karnataka,12,2999.0,0,35988.0,21588.0
2023-07-22,P008,Laptop Stand Aluminum,Accessories,Mumbai,Maharashtra,12,1499.0,0,17988.0,10788.0
2023-07-23,P001,Laptop Pro X1,Electronics,Mumbai,Maharashtra,7,74999.0,0,524993.0,160993.0
2023-07-23,P002,Smart Watch S3,Wearables,Mumbai,Maharashtra,11,23749.05,5,261239.55,96239.55
2023-07-23,P003,Wireless Earbuds,Audio,Pune,Maharashtra,8,4749.05,5,37992.4,17992.4
2023-07-23,P004,USB-C Hub 7-in-1,Accessories,Delhi,Delhi,14,1999.0,0,27986.0,16786.0
2023-07-23,P005,Mechanical Keyboard,Peripherals,Mumbai,Maharashtra,15,8099.1,10,121486.5,53986.5
2023-07-23,P006,Monitor 27inch 4K,Electronics,Ahmedabad,Gujarat,12,34999.0,0,419988.0,131988.0
2023-07-23,P007,Gaming Mouse RGB,Peripherals,Pune,Maharashtra,11,2999.0,0,32989.0,19789.0
2023-07-23,P008,Laptop Stand Aluminum,Accessories,Ahmedabad,Gujarat,12,1274.15,15,15289.8,8089.8
2023-07-24,P001,Laptop Pro X1,Electronics,Pune,Maharashtra,5,74999.0,0,374995.0,114995.0
2023-07-24,P002,Smart Watch S3,Wearables,Bangalore,Karnataka,12,22499.1,10,269989.2,89989.2
2023-07-24,P003,Wireless Earbuds,Audio,Pune,Maharashtra,5,4999.0,0,24995.0,12495.0
2023-07-24,P004,USB-C Hub 7-in-1,Accessories,Mumbai,Maharashtra,10,1999.0,0,19990.0,11990.0
2023-07-24,P005,Mechanical Keyboard,Peripherals,Chennai,Tamil Nadu,9,8099.1,10,72891.9,32391.9
2023-07-24,P006,Monitor 27inch 4K,Electronics,Mumbai,Maharashtra,14,33249.05,5,465486.7,129486.7
2023-07-24,P007,Gaming Mouse RGB,Peripherals,Bangalore,Karnataka,11,2849.05,5,31339.55,18139.55
2023-07-24,P008,Laptop Stand Aluminum,Accessories,Hyderabad,Telangana,10,1499.0,0,14990.0,8990.0
2023-07-25,P001,Laptop Pro X1,Electronics,Pune,Maharashtra,14,74999.0,0,1049986.0,321986.0
2023-07-25,P002,Smart Watch S3,Wearables,Kolkata,West Bengal,10,24999.0,0,249990.0,99990.0
2023-07-25,P003,Wireless Earbuds,Audio,Pune,Maharashtra,8,4999.0,0,39992.0,19992.0
2023-07-25,P004,USB-C Hub 7-in-1,Accessories,Hyderabad,Telangana,7,1799.1,10,12593.7,6993.7
2023-07-25,P005,Mechanical Keyboard,Peripherals,Hyderabad,Telangana,10,7649.15,15,76491.5,31491.5
2023-07-25,P006,Monitor 27inch 4K,Electronics,Chennai,Tamil Nadu,6,33249.05,5,199494.3,55494.3
2023-07-25,P007,Gaming Mouse RGB,Peripherals,Pune,Maharashtra,8,2699.1,10,21592.8,11992.8
2023-07-25,P008,Laptop Stand Aluminum,Accessories,Kolkata,West Bengal,7,1499.0,0,10493.0,6293.0
2023-07-26,P001,Laptop Pro X1,Electronics,Chennai,Tamil Nadu,12,74999.0,0,899988.0,275988.0
2023-07-26,P002,Smart Watch S3,Wearables,Mumbai,Maharashtra,4,23749.05,5,94996.2,34996.2
2023-07-26,P003,Wireless Earbuds,Audio,Mumbai,Maharashtra,11,4999.0,0,54989.0,27489.0
2023-07-26,P004,USB-C Hub 7-in-1,Accessories,Pune,Maharashtra,10,1699.15,15,16991.5,8991.5
2023-07-26,P005,Mechanical Keyboard,Peripherals,Mumbai,Maharashtra,8,8999.0,0,71992.0,35992.0
2023-07-26,P006,Monitor 27inch 4K,Electronics,Mumbai,Maharashtra,8,29749.15,15,237993.2,45993.2
2023-07-26,P007,Gaming Mouse RGB,Peripherals,Ahmedabad,Gujarat,13,2549.15,15,33138.95,17538.95
2023-07-26,P008,Laptop Stand Aluminum,Accessories,Hyderabad,Telangana,11,1499.0,0,16489.0,9889.0
2023-07-27,P001,Laptop Pro X1,Electronics,Chennai,Tamil Nadu,9,67499.1,10,607491.9,139491.9
2023-07-27,P002,Smart Watch S3,Wearables,Chennai,Tamil Nadu,6,23749.05,5,142494.3,52494.3
2023-07-27,P003,Wireless Earbuds,Audio,Kolkata,West Bengal,2,4999.0,0,9998.0,4998.0
2023-07-27,P004,USB-C Hub 7-in-1,Accessories,Delhi,Delhi,11,1699.15,15,18690.65,9890.65
2023-07-27,P005,Mechanical Keyboard,Peripherals,Hyderabad,Telangana,7,8999.0,0,62993.0,31493.0
2023-07-27,P006,Monitor 27inch 4K,Electronics,Mumbai,Maharashtra,15,34999.0,0,524985.0,164985.0
2023-07-27,P007,Gaming Mouse RGB,Peripherals,Ahmedabad,Gujarat,6,2549.15,15,15294.9,8094.9
2023-07-27,P008,Laptop Stand Aluminum,Accessories,Pune,Maharashtra,8,1424.05,5,11392.4,6592.4
2023-07-28,P001,Laptop Pro X1,Electronics,Bangalore,Karnataka,5,67499.1,10,337495.5,77495.5
2023-07-28,P002,Smart Watch S3,Wearables,Bangalore,Karnataka,10,22499.1,10,224991.0,74991.0
2023-07-28,P003,Wireless Earbuds,Audio,Delhi,Delhi,5,4249.15,15,21245.75,8745.75
2023-07-28,P004,USB-C Hub 7-in-1,Accessories,Ahmedabad,Gujarat,4,1999.0,0,7996.0,4796.0
2023-07-28,P005,Mechanical Keyboard,Peripherals,Mumbai,Maharashtra,5,8549.05,5,42745.25,20245.25
2023-07-28,P006,Monitor 27inch 4K,Electronics,Delhi,Delhi,9,34999.0,0,314991.0,98991.0
2023-07-28,P007,Gaming Mouse RGB,Peripherals,Hyderabad,Telangana,10,2999.0,0,29990.0,17990.0
2023-07-28,P008,Laptop Stand Aluminum,Accessories,Pune,Maharashtra,10,1424.05,5,14240.5,8240.5
2023-07-29,P001,Laptop Pro X1,Electronics,Pune,Maharashtra,5,74999.0,0,374995.0,114995.0
2023-07-29,P002,Smart Watch S3,Wearables,Kolkata,West Bengal,15,24999.0,0,374985.0,149985.0
2023-07-29,P003,Wireless Earbuds,Audio,Chennai,Tamil Nadu,12,4999.0,0,59988.0,29988.0
2023-07-29,P004,USB-C Hub 7-in-1,Accessories,Chennai,Tamil Nadu,8,1999.0,0,15992.0,9592.0
2023-07-29,P005,Mechanical Keyboard,Peripherals,Bangalore,Karnataka,16,8999.0,0,143984.0,71984.0
2023-07-29,P006,Monitor 27inch 4K,Electronics,Bangalore,Karnataka,11,34999.0,0,384989.0,120989.0
2023-07-29,P007,Gaming Mouse RGB,Peripherals,Kolkata,West Bengal,9,2849.05,5,25641.45,14841.45
2023-07-29,P008,Laptop Stand Aluminum,Accessories,Pune,Maharashtra,7,1424.05,5,9968.35,5768.35
2023-07-30,P001,Laptop Pro X1,Electronics,Bangalore,Karnataka,14,67499.1,10,944987.4,216987.4
2023-07-30,P002,Smart Watch S3,Wearables,Pune,Maharashtra,12,24999.0,0,299988.0,119988.0
2023-07-30,P003,Wireless Earbuds,Audio,Kolkata,West Bengal,11,4999.0,0,54989.0,27489.0
2023-07-30,P004,USB-C Hub 7-in-1,Accessories,Kolkata,West Bengal,12,1999.0,0,23988.0,14388.0
2023-07-30,P005,Mechanical Keyboard,Peripherals,Bangalore,Karnataka,9,8999.0,0,80991.0,40491.0
2023-07-30,P006,Monitor 27inch 4K,Electronics,Delhi,Delhi,2,29749.15,15,59498.3,11498.3
2023-07-30,P007,Gaming Mouse RGB,Peripherals,Hyderabad,Telangana,5,2549.15,15,12745.75,6745.75
2023-07-30,P008,Laptop Stand Aluminum,Accessories,Mumbai,Maharashtra,9,1499.0,0,13491.0,8091.0
2023-07-31,P001,Laptop Pro X1,Electronics,Pune,Maharashtra,4,74999.0,0,299996.0,91996.0
2023-07-31,P002,Smart Watch S3,Wearables,Bangalore,Karnataka,6,21249.15,15,127494.9,37494.9
2023-07-31,P003,Wireless Earbuds,Audio,Chennai,Tamil Nadu,9,4999.0,0,44991.0,22491.0
2023-07-31,P004,USB-C Hub 7-in-1,Accessories,Ahmedabad,Gujarat,4,1799.1,10,7196.4,3996.4
2023-07-31,P005,Mechanical Keyboard,Peripherals,Mumbai,Maharashtra,10,7649.15,15,76491.5,31491.5
2023-07-31,P006,Monitor 27inch 4K,Electronics,Hyderabad,Telangana,7,34999.0,0,244993.0,76993.0
2023-07-31,P007,Gaming Mouse RGB,Peripherals,Delhi,Delhi,11,2999.0,0,32989.0,19789.0
2023-07-31,P008,Laptop Stand Aluminum,Accessories,Ahmedabad,Gujarat,4,1424.05,5,5696.2,3296.2
2023-08-01,P001,Laptop Pro X1,Electronics,Chennai,Tamil Nadu,16,74999.0,0,1199984.0,367984.0
2023-08-01,P002,Smart Watch S3,Wearables,Kolkata,West Bengal,8,24999.0,0,199992.0,79992.0
2023-08-01,P003,Wireless Earbuds,Audio,Delhi,Delhi,5,4999.0,0,24995.0,12495.0
2023-08-01,P004,USB-C Hub 7-in-1,Accessories,Mumbai,Maharashtra,8,1999.0,0,15992.0,9592.0
2023-08-01,P005,Mechanical Keyboard,Peripherals,Chennai,Tamil Nadu,4,8999.0,0,35996.0,17996.0
2023-08-01,P006,Monitor 27inch 4K,Electronics,Chennai,Tamil Nadu,8,33249.05,5,265992.4,73992.4
2023-08-01,P007,Gaming Mouse RGB,Peripherals,Pune,Maharashtra,9,2549.15,15,22942.35,12142.35
2023-08-01,P008,Laptop Stand Aluminum,Accessories,Bangalore,Karnataka,9,1349.1,10,12141.9,6741.9
2023-08-02,P001,Laptop Pro X1,Electronics,Hyderabad,Telangana,10,74999.0,0,749990.0,229990.0
2023-08-02,P002,Smart Watch S3,Wearables,Mumbai,Maharashtra,6,24999.0,0,149994.0,59994.0
2023-08-02,P003,Wireless Earbuds,Audio,Chennai,Tamil Nadu,7,4249.15,15,29744.05,12244.05
2023-08-02,P004,USB-C Hub 7-in-1,Accessories,Kolkata,West Bengal,9,1999.0,0,17991.0,10791.0
2023-08-02,P005,Mechanical Keyboard,Peripherals,Bangalore,Karnataka,7,8999.0,0,62993.0,31493.0
2023-08-02,P006,Monitor 27inch 4K,Electronics,Bangalore,Karnataka,11,34999.0,0,384989.0,120989.0
2023-08-02,P007,Gaming Mouse RGB,Peripherals,Kolkata,West Bengal,2,2999.0,0,5998.0,3598.0
2023-08-02,P008,Laptop Stand Aluminum,Accessories,Delhi,Delhi,17,1349.1,10,22934.7,12734.7
2023-08-03,P001,Laptop Pro X1,Electronics,Ahmedabad,Gujarat,12,63749.15,15,764989.8,140989.8
2023-08-03,P002,Smart Watch S3,Wearables,Ahmedabad,Gujarat,8,23749.05,5,189992.4,69992.4
2023-08-03,P003,Wireless Earbuds,Audio,Mumbai,Maharashtra,3,4749.05,5,14247.15,6747.15
2023-08-03,P004,USB-C Hub 7-in-1,Accessories,Ahmedabad,Gujarat,9,1999.0,0,17991.0,10791.0
2023-08-03,P005,Mechanical Keyboard,Peripherals,Pune,Maharashtra,9,8999.0,0,80991.0,40491.0
2023-08-03,P006,Monitor 27inch 4K,Electronics,Delhi,Delhi,6,34999.0,0,209994.0,65994.0
2023-08-03,P007,Gaming Mouse RGB,Peripherals,Hyderabad,Telangana,6,2849.05,5,17094.3,9894.3
2023-08-03,P008,Laptop Stand Aluminum,Accessories,Delhi,Delhi,10,1499.0,0,14990.0,8990.0
2023-08-04,P001,Laptop Pro X1,Electronics,Chennai,Tamil Nadu,3,63749.15,15,191247.45,35247.45
2023-08-04,P002,Smart Watch S3,Wearables,Hyderabad,Telangana,4,23749.05,5,94996.2,34996.2
2023-08-04,P003,Wireless Earbuds,Audio,Ahmedabad,Gujarat,10,4499.1,10,44991.0,19991.0
2023-08-04,P004,USB-C Hub 7-in-1,Accessories,Kolkata,West Bengal,6,1999.0,0,11994.0,7194.0
2023-08-04,P005,Mechanical Keyboard,Peripherals,Bangalore,Karnataka,12,8999.0,0,107988.0,53988.0
2023-08-04,P006,Monitor 27inch 4K,Electronics,Ahmedabad,Gujarat,9,34999.0,0,314991.0,98991.0
2023-08-04,P007,Gaming Mouse RGB,Peripherals,Ahmedabad,Gujarat,9,2999.0,0,26991.0,16191.0
2023-08-04,P008,Laptop Stand Aluminum,Accessories,Chennai,Tamil Nadu,10,1274.15,15,12741.5,6741.5
2023-08-05,P001,Laptop Pro X1,Electronics,Mumbai,Maharashtra,8,71249.05,5,569992.4,153992.4
2023-08-05,P002,Smart Watch S3,Wearables,Pune,Maharashtra,12,23749.05,5,284988.6,104988.6
2023-08-05,P003,Wireless Earbuds,Audio,Kolkata,West Bengal,9,4999.0,0,44991.0,22491.0
2023-08-05,P004,USB-C Hub 7-in-1,Accessories,Pune,Maharashtra,16,1899.05,5,30384.8,17584.8
2023-08-05,P005,Mechanical Keyboard,Peripherals,Hyderabad,Telangana,11,8999.0,0,98989.0,49489.0
2023-08-05,P006,Monitor 27inch 4K,Electronics,Mumbai,Maharashtra,14,34999.0,0,489986.0,153986.0
2023-08-05,P007,Gaming Mouse RGB,Peripherals,Chennai,Tamil Nadu,8,2999.0,0,23992.0,14392.0
2023-08-05,P008,Laptop Stand Aluminum,Accessories,Hyderabad,Telangana,15,1499.0,0,22485.0,13485.0
2023-08-06,P001,Laptop Pro X1,Electronics,Kolkata,West Bengal,9,67499.1,10,607491.9,139491.9
2023-08-06,P002,Smart Watch S3,Wearables,Pune,Maharashtra,8,22499.1,10,179992.8,59992.8
2023-08-06,P003,Wireless Earbuds,Audio,Chennai,Tamil Nadu,11,4999.0,0,54989.0,27489.0
2023-08-06,P004,USB-C Hub 7-in-1,Accessories,Bangalore,Karnataka,11,1999.0,0,21989.0,13189.0
2023-08-06,P005,Mechanical Keyboard,Peripherals,Chennai,Tamil Nadu,11,8999.0,0,98989.0,49489.0
2023-08-06,P006,Monitor 27inch 4K,Electronics,Mumbai,Maharashtra,12,34999.0,0,419988.0,131988.0
2023-08-06,P007,Gaming Mouse RGB,Peripherals,Ahmedabad,Gujarat,8,2999.0,0,23992.0,14392.0
2023-08-06,P008,Laptop Stand Aluminum,Accessories,Delhi,Delhi,16,1499.0,0,23984.0,14384.0
2023-08-07,P001,Laptop Pro X1,Electronics,Chennai,Tamil Nadu,5,67499.1,10,337495.5,77495.5
2023-08-07,P002,Smart Watch S3,Wearables,Pune,Maharashtra,6,21249.15,15,127494.9,37494.9
2023-08-07,P003,Wireless Earbuds,Audio,Pune,Maharashtra,9,4499.1,10,40491.9,17991.9
2023-08-07,P004,USB-C Hub 7-in-1,Accessories,Mumbai,Maharashtra,11,1699.15,15,18690.65,9890.65
2023-08-07,P005,Mechanical Keyboard,Peripherals,Pune,Maharashtra,13,8099.1,10,105288.3,46788.3
2023-08-07,P006,Monitor 27inch 4K,Electronics,Delhi,Delhi,6,31499.1,10,188994.6,44994.6
2023-08-07,P007,Gaming Mouse RGB,Peripherals,Chennai,Tamil Nadu,11,2849.05,5,31339.55,18139.55
2023-08-07,P008,Laptop Stand Aluminum,Accessories,Hyderabad,Telangana,5,1499.0,0,7495.0,4495.0
2023-08-08,P001,Laptop Pro X1,Electronics,Kolkata,West Bengal,7,74999.0,0,524993.0,160993.0
2023-08-08,P002,Smart Watch S3,Wearables,Bangalore,Karnataka,6,24999.0,0,149994.0,59994.0
2023-08-08,P003,Wireless Earbuds,Audio,Chennai,Tamil Nadu,10,4499.1,10,44991.0,19991.0
2023-08-08,P004,USB-C Hub 7-in-1,Accessories,Chennai,Tamil Nadu,5,1999.0,0,9995.0,5995.0
2023-08-08,P005,Mechanical Keyboard,Peripherals,Kolkata,West Bengal,6,8999.0,0,53994.0,26994.0
2023-08-08,P006,Monitor 27inch 4K,Electronics,Pune,Maharashtra,8,31499.1,10,251992.8,59992.8
2023-08-08,P007,Gaming Mouse RGB,Peripherals,Chennai,Tamil Nadu,6,2999.0,0,17994.0,10794.0
2023-08-08,P008,Laptop Stand Aluminum,Accessories,Pune,Maharashtra,3,1274.15,15,3822.45,2022.45
2023-08-09,P001,Laptop Pro X1,Electronics,Delhi,Delhi,6,74999.0,0,449994.0,137994.0
2023-08-09,P002,Smart Watch S3,Wearables,Mumbai,Maharashtra,7,24999.0,0,174993.0,69993.0
2023-08-09,P003,Wireless Earbuds,Audio,Delhi,Delhi,11,4499.1,10,49490.1,21990.1
2023-08-09,P004,USB-C Hub 7-in-1,Accessories,Delhi,Delhi,7,1999.0,0,13993.0,8393.0
2023-08-09,P005,Mechanical Keyboard,Peripherals,Pune,Maharashtra,9,8999.0,0,80991.0,40491.0
2023-08-09,P006,Monitor 27inch 4K,Electronics,Pune,Maharashtra,4,29749.15,15,118996.6,22996.6
2023-08-09,P007,Gaming Mouse RGB,Peripherals,Ahmedabad,Gujarat,7,2699.1,10,18893.7,10493.7
2023-08-09,P008,Laptop Stand Aluminum,Accessories,Bangalore,Karnataka,9,1499.0,0,13491.0,8091.0
2023-08-10,P001,Laptop Pro X1,Electronics,Hyderabad,Telangana,9,74999.0,0,674991.0,206991.0
2023-08-10,P002,Smart Watch S3,Wearables,Delhi,Delhi,6,24999.0,0,149994.0,59994.0
2023-08-10,P003,Wireless Earbuds,Audio,Ahmedabad,Gujarat,6,4249.15,15,25494.9,10494.9
2023-08-10,P004,USB-C Hub 7-in-1,Accessories,Kolkata,West Bengal,7,1699.15,15,11894.05,6294.05
2023-08-10,P005,Mechanical Keyboard,Peripherals,Pune,Maharashtra,7,8999.0,0,62993.0,31493.0
2023-08-10,P006,Monitor 27inch 4K,Electronics,Pune,Maharashtra,6,34999.0,0,209994.0,65994.0
2023-08-10,P007,Gaming Mouse RGB,Peripherals,Delhi,Delhi,13,2849.05,5,37037.65,21437.65
2023-08-10,P008,Laptop Stand Aluminum,Accessories,Hyderabad,Telangana,6,1274.15,15,7644.9,4044.9
2023-08-11,P001,Laptop Pro X1,Electronics,Hyderabad,Telangana,7,74999.0,0,524993.0,160993.0
2023-08-11,P002,Smart Watch S3,Wearables,Delhi,Delhi,6,21249.15,15,127494.9,37494.9
2023-08-11,P003,Wireless Earbuds,Audio,Mumbai,Maharashtra,10,4249.15,15,42491.5,17491.5
2023-08-11,P004,USB-C Hub 7-in-1,Accessories,Ahmedabad,Gujarat,2,1799.1,10,3598.2,1998.2
2023-08-11,P005,Mechanical Keyboard,Peripherals,Mumbai,Maharashtra,5,8999.0,0,44995.0,22495.0
2023-08-11,P006,Monitor 27inch 4K,Electronics,Pune,Maharashtra,8,31499.1,10,251992.8,59992.8
2023-08-11,P007,Gaming Mouse RGB,Peripherals,Chennai,Tamil Nadu,5,2549.15,15,12745.75,6745.75
2023-08-11,P008,Laptop Stand Aluminum,Accessories,Bangalore,Karnataka,5,1424.05,5,7120.25,4120.25
2023-08-12,P001,Laptop Pro X1,Electronics,Delhi,Delhi,11,74999.0,0,824989.0,252989.0
2023-08-12,P002,Smart Watch S3,Wearables,Bangalore,Karnataka,11,24999.0,0,274989.0,109989.0
2023-08-12,P003,Wireless Earbuds,Audio,Pune,Maharashtra,8,4999.0,0,39992.0,19992.0
2023-08-12,P004,USB-C Hub 7-in-1,Accessories,Delhi,Delhi,4,1699.15,15,6796.6,3596.6
2023-08-12,P005,Mechanical Keyboard,Peripherals,Bangalore,Karnataka,9,7649.15,15,68842.35,28342.35
2023-08-12,P006,Monitor 27inch 4K,Electronics,Pune,Maharashtra,11,33249.05,5,365739.55,101739.55
2023-08-12,P007,Gaming Mouse RGB,Peripherals,Mumbai,Maharashtra,9,2999.0,0,26991.0,16191.0
2023-08-12,P008,Laptop Stand Aluminum,Accessories,Chennai,Tamil Nadu,14,1499.0,0,20986.0,12586.0
2023-08-13,P001,Laptop Pro X1,Electronics,Bangalore,Karnataka,18,74999.0,0,1349982.0,413982.0
2023-08-13,P002,Smart Watch S3,Wearables,Hyderabad,Telangana,12,24999.0,0,299988.0,119988.0
2023-08-13,P003,Wireless Earbuds,Audio,Mumbai,Maharashtra,7,4999.0,0,34993.0,17493.0
2023-08-13,P004,USB-C Hub 7-in-1,Accessories,Ahmedabad,Gujarat,7,1899.05,5,13293.35,7693.35
2023-08-13,P005,Mechanical Keyboard,Peripherals,Ahmedabad,Gujarat,8,8999.0,0,71992.0,35992.0
2023-08-13,P006,Monitor 27inch 4K,Electronics,Ahmedabad,Gujarat,19,33249.05,5,631731.95,175731.95
2023-08-13,P007,Gaming Mouse RGB,Peripherals,Ahmedabad,Gujarat,14,2999.0,0,41986.0,25186.0
2023-08-13,P008,Laptop Stand Aluminum,Accessories,Ahmedabad,Gujarat,12,1499.0,0,17988.0,10788.0
2023-08-14,P001,Laptop Pro X1,Electronics,Kolkata,West Bengal,9,67499.1,10,607491.9,139491.9
2023-08-14,P002,Smart Watch S3,Wearables,Chennai,Tamil Nadu,3,24999.0,0,74997.0,29997.0
2023-08-14,P003,Wireless Earbuds,Audio,Kolkata,West Bengal,4,4999.0,0,19996.0,9996.0
2023-08-14,P004,USB-C Hub 7-in-1,Accessories,Mumbai,Maharashtra,8,1999.0,0,15992.0,9592.0
2023-08-14,P005,Mechanical Keyboard,Peripherals,Mumbai,Maharashtra,11,8999.0,0,98989.0,49489.0
2023-08-14,P006,Monitor 27inch 4K,Electronics,Hyderabad,Telangana,10,34999.0,0,349990.0,109990.0
2023-08-14,P007,Gaming Mouse RGB,Peripherals,Bangalore,Karnataka,6,2999.0,0,17994.0,10794.0
2023-08-14,P008,Laptop Stand Aluminum,Accessories,Delhi,Delhi,10,1424.05,5,14240.5,8240.5
2023-08-15,P001,Laptop Pro X1,Electronics,Delhi,Delhi,13,63749.15,15,828738.95,152738.95
2023-08-15,P002,Smart Watch S3,Wearables,Bangalore,Karnataka,7,22499.1,10,157493.7,52493.7
2023-08-15,P003,Wireless Earbuds,Audio,Bangalore,Karnataka,13,4999.0,0,64987.0,32487.0
2023-08-15,P004,USB-C Hub 7-in-1,Accessories,Kolkata,West Bengal,5,1699.15,15,8495.75,4495.75
2023-08-15,P005,Mechanical Keyboard,Peripherals,Mumbai,Maharashtra,10,8549.05,5,85490.5,40490.5
2023-08-15,P006,Monitor 27inch 4K,Electronics,Delhi,Delhi,11,31499.1,10,346490.1,82490.1
2023-08-15,P007,Gaming Mouse RGB,Peripherals,Ahmedabad,Gujarat,12,2999.0,0,35988.0,21588.0
2023-08-15,P008,Laptop Stand Aluminum,Accessories,Mumbai,Maharashtra,11,1499.0,0,16489.0,9889.0
2023-08-16,P001,Laptop Pro X1,Electronics,Pune,Maharashtra,9,74999.0,0,674991.0,206991.0
2023-08-16,P002,Smart Watch S3,Wearables,Chennai,Tamil Nadu,6,23749.05,5,142494.3,52494.3
2023-08-16,P003,Wireless Earbuds,Audio,Hyderabad,Telangana,5,4249.15,15,21245.75,8745.75
2023-08-16,P004,USB-C Hub 7-in-1,Accessories,Hyderabad,Telangana,10,1999.0,0,19990.0,11990.0
2023-08-16,P005,Mechanical Keyboard,Peripherals,Chennai,Tamil Nadu,7,8999.0,0,62993.0,31493.0
2023-08-16,P006,Monitor 27inch 4K,Electronics,Mumbai,Maharashtra,5,33249.05,5,166245.25,46245.25
2023-08-16,P007,Gaming Mouse RGB,Peripherals,Kolkata,West Bengal,9,2999.0,0,26991.0,16191.0
2023-08-16,P008,Laptop Stand Aluminum,Accessories,Mumbai,Maharashtra,10,1499.0,0,14990.0,8990.0
2023-08-17,P001,Laptop Pro X1,Electronics,Mumbai,Maharashtra,9,71249.05,5,641241.45,173241.45
2023-08-17,P002,Smart Watch S3,Wearables,Bangalore,Karnataka,5,24999.0,0,124995.0,49995.0
2023-08-17,P003,Wireless Earbuds,Audio,Kolkata,West Bengal,10,4999.0,0,49990.0,24990.0
2023-08-17,P004,USB-C Hub 7-in-1,Accessories,Bangalore,Karnataka,6,1999.0,0,11994.0,7194.0
2023-08-17,P005,Mechanical Keyboard,Peripherals,Chennai,Tamil Nadu,12,8999.0,0,107988.0,53988.0
2023-08-17,P006,Monitor 27inch 4K,Electronics,Hyderabad,Telangana,4,34999.0,0,139996.0,43996.0
2023-08-17,P007,Gaming Mouse RGB,Peripherals,Kolkata,West Bengal,9,2999.0,0,26991.0,16191.0
2023-08-17,P008,Laptop Stand Aluminum,Accessories,Hyderabad,Telangana,7,1424.05,5,9968.35,5768.35
2023-08-18,P001,Laptop Pro X1,Electronics,Kolkata,West Bengal,3,71249.05,5,213747.15,57747.15
2023-08-18,P002,Smart Watch S3,Wearables,Hyderabad,Telangana,10,24999.0,0,249990.0,99990.0
2023-08-18,P003,Wireless Earbuds,Audio,Ahmedabad,Gujarat,5,4999.0,0,24995.0,12495.0
2023-08-18,P004,USB-C Hub 7-in-1,Accessories,Pune,Maharashtra,6,1899.05,5,11394.3,6594.3
2023-08-18,P005,Mechanical Keyboard,Peripherals,Pune,Maharashtra,9,8999.0,0,80991.0,40491.0
2023-08-18,P006,Monitor 27inch 4K,Electronics,Kolkata,West Bengal,4,34999.0,0,139996.0,43996.0
2023-08-18,P007,Gaming Mouse RGB,Peripherals,Hyderabad,Telangana,8,2849.05,5,22792.4,13192.4
2023-08-18,P008,Laptop Stand Aluminum,Accessories,Kolkata,West Bengal,12,1499.0,0,17988.0,10788.0
2023-08-19,P001,Laptop Pro X1,Electronics,Chennai,Tamil Nadu,16,74999.0,0,1199984.0,367984.0
2023-08-19,P002,Smart Watch S3,Wearables,Mumbai,Maharashtra,16,24999.0,0,399984.0,159984.0
2023-08-19,P003,Wireless Earbuds,Audio,Bangalore,Karnataka,12,4999.0,0,59988.0,29988.0
2023-08-19,P004,USB-C Hub 7-in-1,Accessories,Pune,Maharashtra,5,1799.1,10,8995.5,4995.5
2023-08-19,P005,Mechanical Keyboard,Peripherals,Ahmedabad,Gujarat,12,8099.1,10,97189.2,43189.2
2023-08-19,P006,Monitor 27inch 4K,Electronics,Chennai,Tamil Nadu,7,31499.1,10,220493.7,52493.7
2023-08-19,P007,Gaming Mouse RGB,Peripherals,Mumbai,Maharashtra,8,2849.05,5,22792.4,13192.4
2023-08-19,P008,Laptop Stand Aluminum,Accessories,Ahmedabad,Gujarat,9,1349.1,10,12141.9,6741.9
2023-08-20,P001,Laptop Pro X1,Electronics,Kolkata,West Bengal,8,67499.1,10,539992.8,123992.8
2023-08-20,P002,Smart Watch S3,Wearables,Chennai,Tamil Nadu,7,23749.05,5,166243.35,61243.35
2023-08-20,P003,Wireless Earbuds,Audio,Hyderabad,Telangana,12,4999.0,0,59988.0,29988.0
2023-08-20,P004,USB-C Hub 7-in-1,Accessories,Ahmedabad,Gujarat,14,1699.15,15,23788.1,12588.1
2023-08-20,P005,Mechanical Keyboard,Peripherals,Mumbai,Maharashtra,15,8099.1,10,121486.5,53986.5
2023-08-20,P006,Monitor 27inch 4K,Electronics,Delhi,Delhi,11,34999.0,0,384989.0,120989.0
2023-08-20,P007,Gaming Mouse RGB,Peripherals,Kolkata,West Bengal,11,2999.0,0,32989.0,19789.0
2023-08-20,P008,Laptop Stand Aluminum,Accessories,Delhi,Delhi,14,1499.0,0,20986.0,12586.0
2023-08-21,P001,Laptop Pro X1,Electronics,Chennai,Tamil Nadu,13,74999.0,0,974987.0,298987.0
2023-08-21,P002,Smart Watch S3,Wearables,Mumbai,Maharashtra,11,23749.05,5,261239.55,96239.55
2023-08-21,P003,Wireless Earbuds,Audio,Bangalore,Karnataka,7,4249.15,15,29744.05,12244.05
2023-08-21,P004,USB-C Hub 7-in-1,Accessories,Ahmedabad,Gujarat,9,1999.0,0,17991.0,10791.0
2023-08-21,P005,Mechanical Keyboard,Peripherals,Delhi,Delhi,8,8099.1,10,64792.8,28792.8
2023-08-21,P006,Monitor 27inch 4K,Electronics,Hyderabad,Telangana,6,34999.0,0,209994.0,65994.0
2023-08-21,P007,Gaming Mouse RGB,Peripherals,Bangalore,Karnataka,11,2999.0,0,32989.0,19789.0
2023-08-21,P008,Laptop Stand Aluminum,Accessories,Ahmedabad,Gujarat,7,1349.1,10,9443.7,5243.7
2023-08-22,P001,Laptop Pro X1,Electronics,Ahmedabad,Gujarat,9,67499.1,10,607491.9,139491.9
2023-08-22,P002,Smart Watch S3,Wearables,Pune,Maharashtra,6,24999.0,0,149994.0,59994.0
2023-08-22,P003,Wireless Earbuds,Audio,Kolkata,West Bengal,5,4999.0,0,24995.0,12495.0
2023-08-22,P004,USB-C Hub 7-in-1,Accessories,Ahmedabad,Gujarat,11,1999.0,0,21989.0,13189.0
2023-08-22,P005,Mechanical Keyboard,Peripherals,Ahmedabad,Gujarat,6,8999.0,0,53994.0,26994.0
2023-08-22,P006,Monitor 27inch 4K,Electronics,Delhi,Delhi,10,31499.1,10,314991.0,74991.0
2023-08-22,P007,Gaming Mouse RGB,Peripherals,Bangalore,Karnataka,8,2999.0,0,23992.0,14392.0
2023-08-22,P008,Laptop Stand Aluminum,Accessories,Bangalore,Karnataka,13,1499.0,0,19487.0,11687.0
2023-08-23,P001,Laptop Pro X1,Electronics,Pune,Maharashtra,9,71249.05,5,641241.45,173241.45
2023-08-23,P002,Smart Watch S3,Wearables,Hyderabad,Telangana,5,23749.05,5,118745.25,43745.25
2023-08-23,P003,Wireless Earbuds,Audio,Kolkata,West Bengal,14,4499.1,10,62987.4,27987.4
2023-08-23,P004,USB-C Hub 7-in-1,Accessories,Kolkata,West Bengal,11,1999.0,0,21989.0,13189.0
2023-08-23,P005,Mechanical Keyboard,Peripherals,Delhi,Delhi,7,8999.0,0,62993.0,31493.0
2023-08-23,P006,Monitor 27inch 4K,Electronics,Ahmedabad,Gujarat,14,34999.0,0,489986.0,153986.0
2023-08-23,P007,Gaming Mouse RGB,Peripherals,Ahmedabad,Gujarat,11,2999.0,0,32989.0,19789.0
2023-08-23,P008,Laptop Stand Aluminum,Accessories,Ahmedabad,Gujarat,3,1499.0,0,4497.0,2697.0
2023-08-24,P001,Laptop Pro X1,Electronics,Chennai,Tamil Nadu,16,74999.0,0,1199984.0,367984.0
2023-08-24,P002,Smart Watch S3,Wearables,Kolkata,West Bengal,6,24999.0,0,149994.0,59994.0
2023-08-24,P003,Wireless Earbuds,Audio,Pune,Maharashtra,4,4999.0,0,19996.0,9996.0
2023-08-24,P004,USB-C Hub 7-in-1,Accessories,Pune,Maharashtra,7,1999.0,0,13993.0,8393.0
2023-08-24,P005,Mechanical Keyboard,Peripherals,Hyderabad,Telangana,13,8999.0,0,116987.0,58487.0
2023-08-24,P006,Monitor 27inch 4K,Electronics,Kolkata,West Bengal,7,29749.15,15,208244.05,40244.05
2023-08-24,P007,Gaming Mouse RGB,Peripherals,Bangalore,Karnataka,9,2999.0,0,26991.0,16191.0
2023-08-24,P008,Laptop Stand Aluminum,Accessories,Delhi,Delhi,8,1499.0,0,11992.0,7192.0
2023-08-25,P001,Laptop Pro X1,Electronics,Kolkata,West Bengal,11,74999.0,0,824989.0,252989.0
2023-08-25,P002,Smart Watch S3,Wearables,Hyderabad,Telangana,5,21249.15,15,106245.75,31245.75
2023-08-25,P003,Wireless Earbuds,Audio,Ahmedabad,Gujarat,7,4499.1,10,31493.7,13993.7
2023-08-25,P004,USB-C Hub 7-in-1,Accessories,Bangalore,Karnataka,6,1999.0,0,11994.0,7194.0
2023-08-25,P005,Mechanical Keyboard,Peripherals,Kolkata,West Bengal,9,8999.0,0,80991.0,40491.0
2023-08-25,P006,Monitor 27inch 4K,Electronics,Ahmedabad,Gujarat,8,29749.15,15,237993.2,45993.2
2023-08-25,P007,Gaming Mouse RGB,Peripherals,Kolkata,West Bengal,5,2699.1,10,13495.5,7495.5
2023-08-25,P008,Laptop Stand Aluminum,Accessories,Pune,Maharashtra,7,1499.0,0,10493.0,6293.0
2023-08-26,P001,Laptop Pro X1,Electronics,Delhi,Delhi,8,74999.0,0,599992.0,183992.0
2023-08-26,P002,Smart Watch S3,Wearables,Hyderabad,Telangana,15,21249.15,15,318737.25,93737.25
2023-08-26,P003,Wireless Earbuds,Audio,Ahmedabad,Gujarat,16,4999.0,0,79984.0,39984.0
2023-08-26,P004,USB-C Hub 7-in-1,Accessories,Mumbai,Maharashtra,14,1999.0,0,27986.0,16786.0
2023-08-26,P005,Mechanical Keyboard,Peripherals,Chennai,Tamil Nadu,9,8999.0,0,80991.0,40491.0
2023-08-26,P006,Monitor 27inch 4K,Electronics,Mumbai,Maharashtra,16,34999.0,0,559984.0,175984.0
2023-08-26,P007,Gaming Mouse RGB,Peripherals,Mumbai,Maharashtra,14,2849.05,5,39886.7,23086.7
2023-08-26,P008,Laptop Stand Aluminum,Accessories,Mumbai,Maharashtra,9,1499.0,0,13491.0,8091.0
2023-08-27,P001,Laptop Pro X1,Electronics,Chennai,Tamil Nadu,15,74999.0,0,1124985.0,344985.0
2023-08-27,P002,Smart Watch S3,Wearables,Pune,Maharashtra,14,23749.05,5,332486.7,122486.7
2023-08-27,P003,Wireless Earbuds,Audio,Ahmedabad,Gujarat,5,4249.15,15,21245.75,8745.75
2023-08-27,P004,USB-C Hub 7-in-1,Accessories,Bangalore,Karnataka,8,1699.15,15,13593.2,7193.2
2023-08-27,P005,Mechanical Keyboard,Peripherals,Mumbai,Maharashtra,16,8999.0,0,143984.0,71984.0
2023-08-27,P006,Monitor 27inch 4K,Electronics,Pune,Maharashtra,11,33249.05,5,365739.55,101739.55
2023-08-27,P007,Gaming Mouse RGB,Peripherals,Kolkata,West Bengal,19,2999.0,0,56981.0,34181.0
2023-08-27,P008,Laptop Stand Aluminum,Accessories,Kolkata,West Bengal,8,1349.1,10,10792.8,5992.8
2023-08-28,P001,Laptop Pro X1,Electronics,Pune,Maharashtra,13,74999.0,0,974987.0,298987.0
2023-08-28,P002,Smart Watch S3,Wearables,Delhi,Delhi,7,24999.0,0,174993.0,69993.0
2023-08-28,P003,Wireless Earbuds,Audio,Bangalore,Karnataka,15,4999.0,0,74985.0,37485.0
2023-08-28,P004,USB-C Hub 7-in-1,Accessories,Mumbai,Maharashtra,12,1899.05,5,22788.6,13188.6
2023-08-28,P005,Mechanical Keyboard,Peripherals,Mumbai,Maharashtra,15,8999.0,0,134985.0,67485.0
2023-08-28,P006,Monitor 27inch 4K,Electronics,Chennai,Tamil Nadu,2,34999.0,0,69998.0,21998.0
2023-08-28,P007,Gaming Mouse RGB,Peripherals,Chennai,Tamil Nadu,10,2549.15,15,25491.5,13491.5
2023-08-28,P008,Laptop Stand Aluminum,Accessories,Chennai,Tamil Nadu,3,1499.0,0,4497.0,2697.0
2023-08-29,P001,Laptop Pro X1,Electronics,Ahmedabad,Gujarat,6,67499.1,10,404994.6,92994.6
2023-08-29,P002,Smart Watch S3,Wearables,Mumbai,Maharashtra,7,21249.15,15,148744.05,43744.05
2023-08-29,P003,Wireless Earbuds,Audio,Mumbai,Maharashtra,9,4749.05,5,42741.45,20241.45
2023-08-29,P004,USB-C Hub 7-in-1,Accessories,Delhi,Delhi,5,1699.15,15,8495.75,4495.75
2023-08-29,P005,Mechanical Keyboard,Peripherals,Delhi,Delhi,10,8099.1,10,80991.0,35991.0
2023-08-29,P006,Monitor 27inch 4K,Electronics,Mumbai,Maharashtra,10,34999.0,0,349990.0,109990.0
2023-08-29,P007,Gaming Mouse RGB,Peripherals,Hyderabad,Telangana,7,2699.1,10,18893.7,10493.7
2023-08-29,P008,Laptop Stand Aluminum,Accessories,Hyderabad,Telangana,10,1274.15,15,12741.5,6741.5
2023-08-30,P001,Laptop Pro X1,Electronics,Hyderabad,Telangana,10,71249.05,5,712490.5,192490.5
2023-08-30,P002,Smart Watch S3,Wearables,Ahmedabad,Gujarat,7,24999.0,0,174993.0,69993.0
2023-08-30,P003,Wireless Earbuds,Audio,Kolkata,West Bengal,11,4999.0,0,54989.0,27489.0
2023-08-30,P004,USB-C Hub 7-in-1,Accessories,Chennai,Tamil Nadu,10,1899.05,5,18990.5,10990.5
2023-08-30,P005,Mechanical Keyboard,Peripherals,Hyderabad,Telangana,4,7649.15,15,30596.6,12596.6
2023-08-30,P006,Monitor 27inch 4K,Electronics,Ahmedabad,Gujarat,12,31499.1,10,377989.2,89989.2
2023-08-30,P007,Gaming Mouse RGB,Peripherals,Bangalore,Karnataka,7,2999.0,0,20993.0,12593.0
2023-08-30,P008,Laptop Stand Aluminum,Accessories,Pune,Maharashtra,6,1349.1,10,8094.6,4494.6
2023-08-31,P001,Laptop Pro X1,Electronics,Hyderabad,Telangana,5,74999.0,0,374995.0,114995.0
2023-08-31,P002,Smart Watch S3,Wearables,Bangalore,Karnataka,10,23749.05,5,237490.5,87490.5
2023-08-31,P003,Wireless Earbuds,Audio,Bangalore,Karnataka,9,4999.0,0,44991.0,22491.0
2023-08-31,P004,USB-C Hub 7-in-1,Accessories,Hyderabad,Telangana,8,1699.15,15,13593.2,7193.2
2023-08-31,P005,Mechanical Keyboard,Peripherals,Pune,Maharashtra,11,8999.0,0,98989.0,49489.0
2023-08-31,P006,Monitor 27inch 4K,Electronics,Hyderabad,Telangana,13,29749.15,15,386738.95,74738.95
2023-08-31,P007,Gaming Mouse RGB,Peripherals,Hyderabad,Telangana,9,2999.0,0,26991.0,16191.0
2023-08-31,P008,Laptop Stand Aluminum,Accessories,Delhi,Delhi,5,1349.1,10,6745.5,3745.5
2023-09-01,P001,Laptop Pro X1,Electronics,Chennai,Tamil Nadu,10,74999.0,0,749990.0,229990.0
2023-09-01,P002,Smart Watch S3,Wearables,Ahmedabad,Gujarat,7,21249.15,15,148744.05,43744.05
2023-09-01,P003,Wireless Earbuds,Audio,Pune,Maharashtra,9,4249.15,15,38242.35,15742.35
2023-09-01,P004,USB-C Hub 7-in-1,Accessories,Delhi,Delhi,5,1699.15,15,8495.75,4495.75
2023-09-01,P005,Mechanical Keyboard,Peripherals,Mumbai,Maharashtra,8,7649.15,15,61193.2,25193.2
2023-09-01,P006,Monitor 27inch 4K,Electronics,Kolkata,West Bengal,5,34999.0,0,174995.0,54995.0
2023-09-01,P007,Gaming Mouse RGB,Peripherals,Hyderabad,Telangana,7,2849.05,5,19943.35,11543.35
2023-09-01,P008,Laptop Stand Aluminum,Accessories,Ahmedabad,Gujarat,6,1424.05,5,8544.3,4944.3
2023-09-02,P001,Laptop Pro X1,Electronics,Mumbai,Maharashtra,15,67499.1,10,1012486.5,232486.5
2023-09-02,P002,Smart Watch S3,Wearables,Chennai,Tamil Nadu,11,24999.0,0,274989.0,109989.0
2023-09-02,P003,Wireless Earbuds,Audio,Chennai,Tamil Nadu,12,4249.15,15,50989.8,20989.8
2023-09-02,P004,USB-C Hub 7-in-1,Accessories,Kolkata,West Bengal,15,1699.15,15,25487.25,13487.25
2023-09-02,P005,Mechanical Keyboard,Peripherals,Pune,Maharashtra,18,8099.1,10,145783.8,64783.8
2023-09-02,P006,Monitor 27inch 4K,Electronics,Hyderabad,Telangana,19,34999.0,0,664981.0,208981.0
2023-09-02,P007,Gaming Mouse RGB,Peripherals,Delhi,Delhi,15,2999.0,0,44985.0,26985.0
2023-09-02,P008,Laptop Stand Aluminum,Accessories,Bangalore,Karnataka,16,1424.05,5,22784.8,13184.8
2023-09-03,P001,Laptop Pro X1,Electronics,Delhi,Delhi,7,63749.15,15,446244.05,82244.05
2023-09-03,P002,Smart Watch S3,Wearables,Hyderabad,Telangana,12,21249.15,15,254989.8,74989.8
2023-09-03,P003,Wireless Earbuds,Audio,Delhi,Delhi,11,4249.15,15,46740.65,19240.65
2023-09-03,P004,USB-C Hub 7-in-1,Accessories,Pune,Maharashtra,5,1699.15,15,8495.75,4495.75
2023-09-03,P005,Mechanical Keyboard,Peripherals,Bangalore,Karnataka,9,8999.0,0,80991.0,40491.0
2023-09-03,P006,Monitor 27inch 4K,Electronics,Pune,Maharashtra,7,34999.0,0,244993.0,76993.0
2023-09-03,P007,Gaming Mouse RGB,Peripherals,Hyderabad,Telangana,21,2849.05,5,59830.05,34630.05
2023-09-03,P008,Laptop Stand Aluminum,Accessories,Pune,Maharashtra,11,1499.0,0,16489.0,9889.0
2023-09-04,P001,Laptop Pro X1,Electronics,Hyderabad,Telangana,8,67499.1,10,539992.8,123992.8
2023-09-04,P002,Smart Watch S3,Wearables,Hyderabad,Telangana,10,23749.05,5,237490.5,87490.5
2023-09-04,P003,Wireless Earbuds,Audio,Bangalore,Karnataka,7,4749.05,5,33243.35,15743.35
2023-09-04,P004,USB-C Hub 7-in-1,Accessories,Mumbai,Maharashtra,9,1699.15,15,15292.35,8092.35
2023-09-04,P005,Mechanical Keyboard,Peripherals,Bangalore,Karnataka,10,8549.05,5,85490.5,40490.5
2023-09-04,P006,Monitor 27inch 4K,Electronics,Chennai,Tamil Nadu,11,31499.1,10,346490.1,82490.1
2023-09-04,P007,Gaming Mouse RGB,Peripherals,Bangalore,Karnataka,3,2549.15,15,7647.45,4047.45
2023-09-04,P008,Laptop Stand Aluminum,Accessories,Ahmedabad,Gujarat,10,1349.1,10,13491.0,7491.0
2023-09-05,P001,Laptop Pro X1,Electronics,Hyderabad,Telangana,9,71249.05,5,641241.45,173241.45
2023-09-05,P002,Smart Watch S3,Wearables,Mumbai,Maharashtra,8,24999.0,0,199992.0,79992.0
2023-09-05,P003,Wireless Earbuds,Audio,Delhi,Delhi,4,4999.0,0,19996.0,9996.0
2023-09-05,P004,USB-C Hub 7-in-1,Accessories,Pune,Maharashtra,8,1899.05,5,15192.4,8792.4
2023-09-05,P005,Mechanical Keyboard,Peripherals,Kolkata,West Bengal,8,8999.0,0,71992.0,35992.0
2023-09-05,P006,Monitor 27inch 4K,Electronics,Pune,Maharashtra,4,29749.15,15,118996.6,22996.6
2023-09-05,P007,Gaming Mouse RGB,Peripherals,Delhi,Delhi,8,2999.0,0,23992.0,14392.0
2023-09-05,P008,Laptop Stand Aluminum,Accessories,Kolkata,West Bengal,5,1499.0,0,7495.0,4495.0
2023-09-06,P001,Laptop Pro X1,Electronics,Delhi,Delhi,5,74999.0,0,374995.0,114995.0
2023-09-06,P002,Smart Watch S3,Wearables,Mumbai,Maharashtra,8,24999.0,0,199992.0,79992.0
2023-09-06,P003,Wireless Earbuds,Audio,Kolkata,West Bengal,10,4999.0,0,49990.0,24990.0
2023-09-06,P004,USB-C Hub 7-in-1,Accessories,Chennai,Tamil Nadu,5,1999.0,0,9995.0,5995.0
2023-09-06,P005,Mechanical Keyboard,Peripherals,Delhi,Delhi,9,8549.05,5,76941.45,36441.45
2023-09-06,P006,Monitor 27inch 4K,Electronics,Bangalore,Karnataka,6,34999.0,0,209994.0,65994.0
2023-09-06,P007,Gaming Mouse RGB,Peripherals,Ahmedabad,Gujarat,8,2549.15,15,20393.2,10793.2
2023-09-06,P008,Laptop Stand Aluminum,Accessories,Ahmedabad,Gujarat,12,1424.05,5,17088.6,9888.6
2023-09-07,P001,Laptop Pro X1,Electronics,Ahmedabad,Gujarat,10,71249.05,5,712490.5,192490.5
2023-09-07,P002,Smart Watch S3,Wearables,Ahmedabad,Gujarat,4,24999.0,0,99996.0,39996.0
2023-09-07,P003,Wireless Earbuds,Audio,Mumbai,Maharashtra,10,4499.1,10,44991.0,19991.0
2023-09-07,P004,USB-C Hub 7-in-1,Accessories,Chennai,Tamil Nadu,12,1699.15,15,20389.8,10789.8
2023-09-07,P005,Mechanical Keyboard,Peripherals,Pune,Maharashtra,6,8999.0,0,53994.0,26994.0
2023-09-07,P006,Monitor 27inch 4K,Electronics,Pune,Maharashtra,8,31499.1,10,251992.8,59992.8
2023-09-07,P007,Gaming Mouse RGB,Peripherals,Chennai,Tamil Nadu,4,2999.0,0,11996.0,7196.0
2023-09-07,P008,Laptop Stand Aluminum,Accessories,Mumbai,Maharashtra,10,1274.15,15,12741.5,6741.5
2023-09-08,P001,Laptop Pro X1,Electronics,Chennai,Tamil Nadu,8,74999.0,0,599992.0,183992.0
2023-09-08,P002,Smart Watch S3,Wearables,Pune,Maharashtra,12,24999.0,0,299988.0,119988.0
2023-09-08,P003,Wireless Earbuds,Audio,Delhi,Delhi,9,4999.0,0,44991.0,22491.0
2023-09-08,P004,USB-C Hub 7-in-1,Accessories,Ahmedabad,Gujarat,4,1799.1,10,7196.4,3996.4
2023-09-08,P005,Mechanical Keyboard,Peripherals,Hyderabad,Telangana,7,8999.0,0,62993.0,31493.0
2023-09-08,P006,Monitor 27inch 4K,Electronics,Bangalore,Karnataka,6,34999.0,0,209994.0,65994.0
2023-09-08,P007,Gaming Mouse RGB,Peripherals,Hyderabad,Telangana,10,2999.0,0,29990.0,17990.0
2023-09-08,P008,Laptop Stand Aluminum,Accessories,Kolkata,West Bengal,10,1274.15,15,12741.5,6741.5
2023-09-09,P001,Laptop Pro X1,Electronics,Pune,Maharashtra,18,71249.05,5,1282482.9,346482.9
2023-09-09,P002,Smart Watch S3,Wearables,Delhi,Delhi,15,24999.0,0,374985.0,149985.0
2023-09-09,P003,Wireless Earbuds,Audio,Kolkata,West Bengal,22,4999.0,0,109978.0,54978.0
2023-09-09,P004,USB-C Hub 7-in-1,Accessories,Chennai,Tamil Nadu,8,1999.0,0,15992.0,9592.0
2023-09-09,P005,Mechanical Keyboard,Peripherals,Ahmedabad,Gujarat,12,8999.0,0,107988.0,53988.0
2023-09-09,P006,Monitor 27inch 4K,Electronics,Chennai,Tamil Nadu,22,34999.0,0,769978.0,241978.0
2023-09-09,P007,Gaming Mouse RGB,Peripherals,Delhi,Delhi,12,2999.0,0,35988.0,21588.0
2023-09-09,P008,Laptop Stand Aluminum,Accessories,Mumbai,Maharashtra,9,1349.1,10,12141.9,6741.9
2023-09-10,P001,Laptop Pro X1,Electronics,Delhi,Delhi,4,74999.0,0,299996.0,91996.0
2023-09-10,P002,Smart Watch S3,Wearables,Pune,Maharashtra,4,21249.15,15,84996.6,24996.6
2023-09-10,P003,Wireless Earbuds,Audio,Mumbai,Maharashtra,8,4749.05,5,37992.4,17992.4
2023-09-10,P004,USB-C Hub 7-in-1,Accessories,Hyderabad,Telangana,5,1799.1,10,8995.5,4995.5
2023-09-10,P005,Mechanical Keyboard,Peripherals,Mumbai,Maharashtra,21,8099.1,10,170081.1,75581.1
2023-09-10,P006,Monitor 27inch 4K,Electronics,Mumbai,Maharashtra,15,29749.15,15,446237.25,86237.25
2023-09-10,P007,Gaming Mouse RGB,Peripherals,Bangalore,Karnataka,12,2549.15,15,30589.8,16189.8
2023-09-10,P008,Laptop Stand Aluminum,Accessories,Mumbai,Maharashtra,7,1499.0,0,10493.0,6293.0
2023-09-11,P001,Laptop Pro X1,Electronics,Bangalore,Karnataka,13,71249.05,5,926237.65,250237.65
2023-09-11,P002,Smart Watch S3,Wearables,Kolkata,West Bengal,8,23749.05,5,189992.4,69992.4
2023-09-11,P003,Wireless Earbuds,Audio,Bangalore,Karnataka,4,4499.1,10,17996.4,7996.4
2023-09-11,P004,USB-C Hub 7-in-1,Accessories,Hyderabad,Telangana,10,1899.05,5,18990.5,10990.5
2023-09-11,P005,Mechanical Keyboard,Peripherals,Delhi,Delhi,11,8999.0,0,98989.0,49489.0
2023-09-11,P006,Monitor 27inch 4K,Electronics,Mumbai,Maharashtra,6,34999.0,0,209994.0,65994.0
2023-09-11,P007,Gaming Mouse RGB,Peripherals,Ahmedabad,Gujarat,11,2549.15,15,28040.65,14840.65
2023-09-11,P008,Laptop Stand Aluminum,Accessories,Bangalore,Karnataka,7,1274.15,15,8919.05,4719.05
2023-09-12,P001,Laptop Pro X1,Electronics,Hyderabad,Telangana,4,67499.1,10,269996.4,61996.4
2023-09-12,P002,Smart Watch S3,Wearables,Delhi,Delhi,5,23749.05,5,118745.25,43745.25
2023-09-12,P003,Wireless Earbuds,Audio,Bangalore,Karnataka,6,4499.1,10,26994.6,11994.6
2023-09-12,P004,USB-C Hub 7-in-1,Accessories,Bangalore,Karnataka,6,1999.0,0,11994.0,7194.0
2023-09-12,P005,Mechanical Keyboard,Peripherals,Bangalore,Karnataka,9,8999.0,0,80991.0,40491.0
2023-09-12,P006,Monitor 27inch 4K,Electronics,Kolkata,West Bengal,8,34999.0,0,279992.0,87992.0
2023-09-12,P007,Gaming Mouse RGB,Peripherals,Chennai,Tamil Nadu,7,2999.0,0,20993.0,12593.0
2023-09-12,P008,Laptop Stand Aluminum,Accessories,Chennai,Tamil Nadu,8,1499.0,0,11992.0,7192.0
2023-09-13,P001,Laptop Pro X1,Electronics,Ahmedabad,Gujarat,10,74999.0,0,749990.0,229990.0
2023-09-13,P002,Smart Watch S3,Wearables,Delhi,Delhi,9,24999.0,0,224991.0,89991.0
2023-09-13,P003,Wireless Earbuds,Audio,Kolkata,West Bengal,7,4999.0,0,34993.0,17493.0
2023-09-13,P004,USB-C Hub 7-in-1,Accessories,Kolkata,West Bengal,9,1999.0,0,17991.0,10791.0
2023-09-13,P005,Mechanical Keyboard,Peripherals,Chennai,Tamil Nadu,16,8999.0,0,143984.0,71984.0
2023-09-13,P006,Monitor 27inch 4K,Electronics,Mumbai,Maharashtra,5,29749.15,15,148745.75,28745.75
2023-09-13,P007,Gaming Mouse RGB,Peripherals,Bangalore,Karnataka,7,2999.0,0,20993.0,12593.0
2023-09-13,P008,Laptop Stand Aluminum,Accessories,Kolkata,West Bengal,12,1499.0,0,17988.0,10788.0
2023-09-14,P001,Laptop Pro X1,Electronics,Bangalore,Karnataka,8,67499.1,10,539992.8,123992.8
2023-09-14,P002,Smart Watch S3,Wearables,Bangalore,Karnataka,8,21249.15,15,169993.2,49993.2
2023-09-14,P003,Wireless Earbuds,Audio,Bangalore,Karnataka,8,4999.0,0,39992.0,19992.0
2023-09-14,P004,USB-C Hub 7-in-1,Accessories,Chennai,Tamil Nadu,15,1899.05,5,28485.75,16485.75
2023-09-14,P005,Mechanical Keyboard,Peripherals,Hyderabad,Telangana,7,8999.0,0,62993.0,31493.0
2023-09-14,P006,Monitor 27inch 4K,Electronics,Kolkata,West Bengal,7,34999.0,0,244993.0,76993.0
2023-09-14,P007,Gaming Mouse RGB,Peripherals,Bangalore,Karnataka,7,2999.0,0,20993.0,12593.0
2023-09-14,P008,Laptop Stand Aluminum,Accessories,Mumbai,Maharashtra,6,1499.0,0,8994.0,5394.0
2023-09-15,P001,Laptop Pro X1,Electronics,Pune,Maharashtra,7,63749.15,15,446244.05,82244.05
2023-09-15,P002,Smart Watch S3,Wearables,Pune,Maharashtra,8,23749.05,5,189992.4,69992.4
2023-09-15,P003,Wireless Earbuds,Audio,Bangalore,Karnataka,13,4999.0,0,64987.0,32487.0
2023-09-15,P004,USB-C Hub 7-in-1,Accessories,Mumbai,Maharashtra,10,1999.0,0,19990.0,11990.0
2023-09-15,P005,Mechanical Keyboard,Peripherals,Delhi,Delhi,9,7649.15,15,68842.35,28342.35
2023-09-15,P006,Monitor 27inch 4K,Electronics,Delhi,Delhi,10,34999.0,0,349990.0,109990.0
2023-09-15,P007,Gaming Mouse RGB,Peripherals,Pune,Maharashtra,7,2849.05,5,19943.35,11543.35
2023-09-15,P008,Laptop Stand Aluminum,Accessories,Hyderabad,Telangana,5,1274.15,15,6370.75,3370.75
2023-09-16,P001,Laptop Pro X1,Electronics,Bangalore,Karnataka,15,74999.0,0,1124985.0,344985.0
2023-09-16,P002,Smart Watch S3,Wearables,Pune,Maharashtra,15,24999.0,0,374985.0,149985.0
2023-09-16,P003,Wireless Earbuds,Audio,Bangalore,Karnataka,16,4749.05,5,75984.8,35984.8
2023-09-16,P004,USB-C Hub 7-in-1,Accessories,Ahmedabad,Gujarat,9,1899.05,5,17091.45,9891.45
2023-09-16,P005,Mechanical Keyboard,Peripherals,Hyderabad,Telangana,9,8549.05,5,76941.45,36441.45
2023-09-16,P006,Monitor 27inch 4K,Electronics,Kolkata,West Bengal,14,33249.05,5,465486.7,129486.7
2023-09-16,P007,Gaming Mouse RGB,Peripherals,Delhi,Delhi,7,2999.0,0,20993.0,12593.0
2023-09-16,P008,Laptop Stand Aluminum,Accessories,Delhi,Delhi,16,1274.15,15,20386.4,10786.4
2023-09-17,P001,Laptop Pro X1,Electronics,Mumbai,Maharashtra,14,74999.0,0,1049986.0,321986.0
2023-09-17,P002,Smart Watch S3,Wearables,Bangalore,Karnataka,21,23749.05,5,498730.05,183730.05
2023-09-17,P003,Wireless Earbuds,Audio,Kolkata,West Bengal,11,4499.1,10,49490.1,21990.1
2023-09-17,P004,USB-C Hub 7-in-1,Accessories,Kolkata,West Bengal,19,1999.0,0,37981.0,22781.0
2023-09-17,P005,Mechanical Keyboard,Peripherals,Ahmedabad,Gujarat,22,8999.0,0,197978.0,98978.0
2023-09-17,P006,Monitor 27inch 4K,Electronics,Mumbai,Maharashtra,7,29749.15,15,208244.05,40244.05
2023-09-17,P007,Gaming Mouse RGB,Peripherals,Delhi,Delhi,16,2849.05,5,45584.8,26384.8
2023-09-17,P008,Laptop Stand Aluminum,Accessories,Kolkata,West Bengal,15,1499.0,0,22485.0,13485.0
2023-09-18,P001,Laptop Pro X1,Electronics,Ahmedabad,Gujarat,9,71249.05,5,641241.45,173241.45
2023-09-18,P002,Smart Watch S3,Wearables,Mumbai,Maharashtra,3,24999.0,0,74997.0,29997.0
2023-09-18,P003,Wireless Earbuds,Audio,Hyderabad,Telangana,15,4249.15,15,63737.25,26237.25
2023-09-18,P004,USB-C Hub 7-in-1,Accessories,Pune,Maharashtra,3,1999.0,0,5997.0,3597.0
2023-09-18,P005,Mechanical Keyboard,Peripherals,Chennai,Tamil Nadu,6,7649.15,15,45894.9,18894.9
2023-09-18,P006,Monitor 27inch 4K,Electronics,Pune,Maharashtra,5,31499.1,10,157495.5,37495.5
2023-09-18,P007,Gaming Mouse RGB,Peripherals,Bangalore,Karnataka,14,2849.05,5,39886.7,23086.7
2023-09-18,P008,Laptop Stand Aluminum,Accessories,Chennai,Tamil Nadu,9,1424.05,5,12816.45,7416.45
2023-09-19,P001,Laptop Pro X1,Electronics,Pune,Maharashtra,17,63749.15,15,1083735.55,199735.55
2023-09-19,P002,Smart Watch S3,Wearables,Ahmedabad,Gujarat,8,24999.0,0,199992.0,79992.0
2023-09-19,P003,Wireless Earbuds,Audio,Mumbai,Maharashtra,4,4999.0,0,19996.0,9996.0
2023-09-19,P004,USB-C Hub 7-in-1,Accessories,Delhi,Delhi,13,1799.1,10,23388.3,12988.3
2023-09-19,P005,Mechanical Keyboard,Peripherals,Kolkata,West Bengal,13,8549.05,5,111137.65,52637.65
2023-09-19,P006,Monitor 27inch 4K,Electronics,Delhi,Delhi,9,34999.0,0,314991.0,98991.0
2023-09-19,P007,Gaming Mouse RGB,Peripherals,Kolkata,West Bengal,6,2999.0,0,17994.0,10794.0
2023-09-19,P008,Laptop Stand Aluminum,Accessories,Chennai,Tamil Nadu,6,1499.0,0,8994.0,5394.0
2023-09-20,P001,Laptop Pro X1,Electronics,Hyderabad,Telangana,8,74999.0,0,599992.0,183992.0
2023-09-20,P002,Smart Watch S3,Wearables,Chennai,Tamil Nadu,5,22499.1,10,112495.5,37495.5
2023-09-20,P003,Wireless Earbuds,Audio,Ahmedabad,Gujarat,8,4749.05,5,37992.4,17992.4
2023-09-20,P004,USB-C Hub 7-in-1,Accessories,Chennai,Tamil Nadu,9,1999.0,0,17991.0,10791.0
2023-09-20,P005,Mechanical Keyboard,Peripherals,Kolkata,West Bengal,13,8549.05,5,111137.65,52637.65
2023-09-20,P006,Monitor 27inch 4K,Electronics,Kolkata,West Bengal,5,34999.0,0,174995.0,54995.0
2023-09-20,P007,Gaming Mouse RGB,Peripherals,Kolkata,West Bengal,8,2849.05,5,22792.4,13192.4
2023-09-20,P008,Laptop Stand Aluminum,Accessories,Pune,Maharashtra,7,1499.0,0,10493.0,6293.0
2023-09-21,P001,Laptop Pro X1,Electronics,Kolkata,West Bengal,9,63749.15,15,573742.35,105742.35
2023-09-21,P002,Smart Watch S3,Wearables,Mumbai,Maharashtra,11,24999.0,0,274989.0,109989.0
2023-09-21,P003,Wireless Earbuds,Audio,Ahmedabad,Gujarat,3,4749.05,5,14247.15,6747.15
2023-09-21,P004,USB-C Hub 7-in-1,Accessories,Mumbai,Maharashtra,11,1799.1,10,19790.1,10990.1
2023-09-21,P005,Mechanical Keyboard,Peripherals,Mumbai,Maharashtra,9,8999.0,0,80991.0,40491.0
2023-09-21,P006,Monitor 27inch 4K,Electronics,Hyderabad,Telangana,5,31499.1,10,157495.5,37495.5
2023-09-21,P007,Gaming Mouse RGB,Peripherals,Chennai,Tamil Nadu,6,2549.15,15,15294.9,8094.9
2023-09-21,P008,Laptop Stand Aluminum,Accessories,Kolkata,West Bengal,6,1499.0,0,8994.0,5394.0
2023-09-22,P001,Laptop Pro X1,Electronics,Pune,Maharashtra,4,74999.0,0,299996.0,91996.0
2023-09-22,P002,Smart Watch S3,Wearables,Chennai,Tamil Nadu,3,23749.05,5,71247.15,26247.15
2023-09-22,P003,Wireless Earbuds,Audio,Pune,Maharashtra,7,4499.1,10,31493.7,13993.7
2023-09-22,P004,USB-C Hub 7-in-1,Accessories,Kolkata,West Bengal,2,1699.15,15,3398.3,1798.3
2023-09-22,P005,Mechanical Keyboard,Peripherals,Pune,Maharashtra,9,7649.15,15,68842.35,28342.35
2023-09-22,P006,Monitor 27inch 4K,Electronics,Kolkata,West Bengal,6,34999.0,0,209994.0,65994.0
2023-09-22,P007,Gaming Mouse RGB,Peripherals,Bangalore,Karnataka,4,2549.15,15,10196.6,5396.6
2023-09-22,P008,Laptop Stand Aluminum,Accessories,Chennai,Tamil Nadu,12,1499.0,0,17988.0,10788.0
2023-09-23,P001,Laptop Pro X1,Electronics,Pune,Maharashtra,5,74999.0,0,374995.0,114995.0
2023-09-23,P002,Smart Watch S3,Wearables,Hyderabad,Telangana,9,22499.1,10,202491.9,67491.9
2023-09-23,P003,Wireless Earbuds,Audio,Pune,Maharashtra,12,4249.15,15,50989.8,20989.8
2023-09-23,P004,USB-C Hub 7-in-1,Accessories,Bangalore,Karnataka,8,1999.0,0,15992.0,9592.0
2023-09-23,P005,Mechanical Keyboard,Peripherals,Delhi,Delhi,11,8549.05,5,94039.55,44539.55
2023-09-23,P006,Monitor 27inch 4K,Electronics,Delhi,Delhi,9,29749.15,15,267742.35,51742.35
2023-09-23,P007,Gaming Mouse RGB,Peripherals,Ahmedabad,Gujarat,11,2999.0,0,32989.0,19789.0
2023-09-23,P008,Laptop Stand Aluminum,Accessories,Hyderabad,Telangana,12,1349.1,10,16189.2,8989.2
2023-09-24,P001,Laptop Pro X1,Electronics,Chennai,Tamil Nadu,11,74999.0,0,824989.0,252989.0
2023-09-24,P002,Smart Watch S3,Wearables,Bangalore,Karnataka,11,23749.05,5,261239.55,96239.55
2023-09-24,P003,Wireless Earbuds,Audio,Chennai,Tamil Nadu,11,4749.05,5,52239.55,24739.55
2023-09-24,P004,USB-C Hub 7-in-1,Accessories,Chennai,Tamil Nadu,11,1699.15,15,18690.65,9890.65
2023-09-24,P005,Mechanical Keyboard,Peripherals,Pune,Maharashtra,9,8999.0,0,80991.0,40491.0
2023-09-24,P006,Monitor 27inch 4K,Electronics,Ahmedabad,Gujarat,16,34999.0,0,559984.0,175984.0
2023-09-24,P007,Gaming Mouse RGB,Peripherals,Bangalore,Karnataka,14,2849.05,5,39886.7,23086.7
2023-09-24,P008,Laptop Stand Aluminum,Accessories,Kolkata,West Bengal,5,1274.15,15,6370.75,3370.75
2023-09-25,P001,Laptop Pro X1,Electronics,Delhi,Delhi,10,71249.05,5,712490.5,192490.5
2023-09-25,P002,Smart Watch S3,Wearables,Mumbai,Maharashtra,9,22499.1,10,202491.9,67491.9
2023-09-25,P003,Wireless Earbuds,Audio,Mumbai,Maharashtra,7,4499.1,10,31493.7,13993.7
2023-09-25,P004,USB-C Hub 7-in-1,Accessories,Ahmedabad,Gujarat,8,1799.1,10,14392.8,7992.8
2023-09-25,P005,Mechanical Keyboard,Peripherals,Kolkata,West Bengal,12,8099.1,10,97189.2,43189.2
2023-09-25,P006,Monitor 27inch 4K,Electronics,Delhi,Delhi,4,29749.15,15,118996.6,22996.6
2023-09-25,P007,Gaming Mouse RGB,Peripherals,Delhi,Delhi,6,2549.15,15,15294.9,8094.9
2023-09-25,P008,Laptop Stand Aluminum,Accessories,Delhi,Delhi,9,1499.0,0,13491.0,8091.0
2023-09-26,P001,Laptop Pro X1,Electronics,Ahmedabad,Gujarat,10,63749.15,15,637491.5,117491.5
2023-09-26,P002,Smart Watch S3,Wearables,Pune,Maharashtra,17,22499.1,10,382484.7,127484.7
2023-09-26,P003,Wireless Earbuds,Audio,Ahmedabad,Gujarat,9,4749.05,5,42741.45,20241.45
2023-09-26,P004,USB-C Hub 7-in-1,Accessories,Chennai,Tamil Nadu,7,1999.0,0,13993.0,8393.0
2023-09-26,P005,Mechanical Keyboard,Peripherals,Ahmedabad,Gujarat,4,8999.0,0,35996.0,17996.0
2023-09-26,P006,Monitor 27inch 4K,Electronics,Hyderabad,Telangana,13,33249.05,5,432237.65,120237.65
2023-09-26,P007,Gaming Mouse RGB,Peripherals,Delhi,Delhi,7,2999.0,0,20993.0,12593.0
2023-09-26,P008,Laptop Stand Aluminum,Accessories,Ahmedabad,Gujarat,8,1349.1,10,10792.8,5992.8
2023-09-27,P001,Laptop Pro X1,Electronics,Hyderabad,Telangana,7,63749.15,15,446244.05,82244.05
2023-09-27,P002,Smart Watch S3,Wearables,Pune,Maharashtra,9,21249.15,15,191242.35,56242.35
2023-09-27,P003,Wireless Earbuds,Audio,Chennai,Tamil Nadu,8,4999.0,0,39992.0,19992.0
2023-09-27,P004,USB-C Hub 7-in-1,Accessories,Chennai,Tamil Nadu,12,1799.1,10,21589.2,11989.2
2023-09-27,P005,Mechanical Keyboard,Peripherals,Hyderabad,Telangana,9,7649.15,15,68842.35,28342.35
2023-09-27,P006,Monitor 27inch 4K,Electronics,Pune,Maharashtra,7,29749.15,15,208244.05,40244.05
2023-09-27,P007,Gaming Mouse RGB,Peripherals,Delhi,Delhi,8,2549.15,15,20393.2,10793.2
2023-09-27,P008,Laptop Stand Aluminum,Accessories,Delhi,Delhi,9,1349.1,10,12141.9,6741.9
2023-09-28,P001,Laptop Pro X1,Electronics,Pune,Maharashtra,6,63749.15,15,382494.9,70494.9
2023-09-28,P002,Smart Watch S3,Wearables,Bangalore,Karnataka,8,24999.0,0,199992.0,79992.0
2023-09-28,P003,Wireless Earbuds,Audio,Kolkata,West Bengal,4,4499.1,10,17996.4,7996.4
2023-09-28,P004,USB-C Hub 7-in-1,Accessories,Ahmedabad,Gujarat,9,1699.15,15,15292.35,8092.35
2023-09-28,P005,Mechanical Keyboard,Peripherals,Hyderabad,Telangana,6,8549.05,5,51294.3,24294.3
2023-09-28,P006,Monitor 27inch 4K,Electronics,Mumbai,Maharashtra,3,31499.1,10,94497.3,22497.3
2023-09-28,P007,Gaming Mouse RGB,Peripherals,Bangalore,Karnataka,8,2999.0,0,23992.0,14392.0
2023-09-28,P008,Laptop Stand Aluminum,Accessories,Ahmedabad,Gujarat,12,1499.0,0,17988.0,10788.0
2023-09-29,P001,Laptop Pro X1,Electronics,Mumbai,Maharashtra,4,63749.15,15,254996.6,46996.6
2023-09-29,P002,Smart Watch S3,Wearables,Mumbai,Maharashtra,11,24999.0,0,274989.0,109989.0
2023-09-29,P003,Wireless Earbuds,Audio,Hyderabad,Telangana,13,4999.0,0,64987.0,32487.0
2023-09-29,P004,USB-C Hub 7-in-1,Accessories,Hyderabad,Telangana,7,1699.15,15,11894.05,6294.05
2023-09-29,P005,Mechanical Keyboard,Peripherals,Hyderabad,Telangana,10,8999.0,0,89990.0,44990.0
2023-09-29,P006,Monitor 27inch 4K,Electronics,Mumbai,Maharashtra,6,29749.15,15,178494.9,34494.9
2023-09-29,P007,Gaming Mouse RGB,Peripherals,Hyderabad,Telangana,5,2999.0,0,14995.0,8995.0
2023-09-29,P008,Laptop Stand Aluminum,Accessories,Mumbai,Maharashtra,11,1499.0,0,16489.0,9889.0
2023-09-30,P001,Laptop Pro X1,Electronics,Kolkata,West Bengal,11,74999.0,0,824989.0,252989.0
2023-09-30,P002,Smart Watch S3,Wearables,Chennai,Tamil Nadu,11,21249.15,15,233740.65,68740.65
2023-09-30,P003,Wireless Earbuds,Audio,Ahmedabad,Gujarat,11,4999.0,0,54989.0,27489.0
2023-09-30,P004,USB-C Hub 7-in-1,Accessories,Hyderabad,Telangana,11,1699.15,15,18690.65,9890.65
2023-09-30,P005,Mechanical Keyboard,Peripherals,Mumbai,Maharashtra,7,8549.05,5,59843.35,28343.35
2023-09-30,P006,Monitor 27inch 4K,Electronics,Ahmedabad,Gujarat,14,33249.05,5,465486.7,129486.7
2023-09-30,P007,Gaming Mouse RGB,Peripherals,Pune,Maharashtra,11,2699.1,10,29690.1,16490.1
2023-09-30,P008,Laptop Stand Aluminum,Accessories,Mumbai,Maharashtra,12,1499.0,0,17988.0,10788.0
2023-10-01,P001,Laptop Pro X1,Electronics,Hyderabad,Telangana,12,74999.0,0,899988.0,275988.0
2023-10-01,P002,Smart Watch S3,Wearables,Kolkata,West Bengal,5,24999.0,0,124995.0,49995.0
2023-10-01,P003,Wireless Earbuds,Audio,Pune,Maharashtra,14,4499.1,10,62987.4,27987.4
2023-10-01,P004,USB-C Hub 7-in-1,Accessories,Chennai,Tamil Nadu,9,1699.15,15,15292.35,8092.35
2023-10-01,P005,Mechanical Keyboard,Peripherals,Chennai,Tamil Nadu,11,8999.0,0,98989.0,49489.0
2023-10-01,P006,Monitor 27inch 4K,Electronics,Kolkata,West Bengal,5,34999.0,0,174995.0,54995.0
2023-10-01,P007,Gaming Mouse RGB,Peripherals,Bangalore,Karnataka,16,2999.0,0,47984.0,28784.0
2023-10-01,P008,Laptop Stand Aluminum,Accessories,Delhi,Delhi,5,1274.15,15,6370.75,3370.75
2023-10-02,P001,Laptop Pro X1,Electronics,Bangalore,Karnataka,5,71249.05,5,356245.25,96245.25
2023-10-02,P002,Smart Watch S3,Wearables,Mumbai,Maharashtra,7,23749.05,5,166243.35,61243.35
2023-10-02,P003,Wireless Earbuds,Audio,Hyderabad,Telangana,12,4499.1,10,53989.2,23989.2
2023-10-02,P004,USB-C Hub 7-in-1,Accessories,Hyderabad,Telangana,11,1999.0,0,21989.0,13189.0
2023-10-02,P005,Mechanical Keyboard,Peripherals,Delhi,Delhi,11,8099.1,10,89090.1,39590.1
2023-10-02,P006,Monitor 27inch 4K,Electronics,Hyderabad,Telangana,7,34999.0,0,244993.0,76993.0
2023-10-02,P007,Gaming Mouse RGB,Peripherals,Pune,Maharashtra,9,2849.05,5,25641.45,14841.45
2023-10-02,P008,Laptop Stand Aluminum,Accessories,Delhi,Delhi,4,1499.0,0,5996.0,3596.0
2023-10-03,P001,Laptop Pro X1,Electronics,Delhi,Delhi,9,74999.0,0,674991.0,206991.0
2023-10-03,P002,Smart Watch S3,Wearables,Mumbai,Maharashtra,9,21249.15,15,191242.35,56242.35
2023-10-03,P003,Wireless Earbuds,Audio,Hyderabad,Telangana,12,4749.05,5,56988.6,26988.6
2023-10-03,P004,USB-C Hub 7-in-1,Accessories,Pune,Maharashtra,13,1999.0,0,25987.0,15587.0
2023-10-03,P005,Mechanical Keyboard,Peripherals,Pune,Maharashtra,10,8099.1,10,80991.0,35991.0
2023-10-03,P006,Monitor 27inch 4K,Electronics,Chennai,Tamil Nadu,2,34999.0,0,69998.0,21998.0
2023-10-03,P007,Gaming Mouse RGB,Peripherals,Bangalore,Karnataka,5,2699.1,10,13495.5,7495.5
2023-10-03,P008,Laptop Stand Aluminum,Accessories,Delhi,Delhi,10,1424.05,5,14240.5,8240.5
2023-10-04,P001,Laptop Pro X1,Electronics,Ahmedabad,Gujarat,8,74999.0,0,599992.0,183992.0
2023-10-04,P002,Smart Watch S3,Wearables,Pune,Maharashtra,4,24999.0,0,99996.0,39996.0
2023-10-04,P003,Wireless Earbuds,Audio,Chennai,Tamil Nadu,11,4249.15,15,46740.65,19240.65
2023-10-04,P004,USB-C Hub 7-in-1,Accessories,Pune,Maharashtra,7,1999.0,0,13993.0,8393.0
2023-10-04,P005,Mechanical Keyboard,Peripherals,Pune,Maharashtra,3,8999.0,0,26997.0,13497.0
2023-10-04,P006,Monitor 27inch 4K,Electronics,Chennai,Tamil Nadu,7,31499.1,10,220493.7,52493.7
2023-10-04,P007,Gaming Mouse RGB,Peripherals,Kolkata,West Bengal,9,2699.1,10,24291.9,13491.9
2023-10-04,P008,Laptop Stand Aluminum,Accessories,Mumbai,Maharashtra,10,1499.0,0,14990.0,8990.0
2023-10-05,P001,Laptop Pro X1,Electronics,Pune,Maharashtra,8,71249.05,5,569992.4,153992.4
2023-10-05,P002,Smart Watch S3,Wearables,Chennai,Tamil Nadu,12,21249.15,15,254989.8,74989.8
2023-10-05,P003,Wireless Earbuds,Audio,Chennai,Tamil Nadu,10,4999.0,0,49990.0,24990.0
2023-10-05,P004,USB-C Hub 7-in-1,Accessories,Pune,Maharashtra,10,1899.05,5,18990.5,10990.5
2023-10-05,P005,Mechanical Keyboard,Peripherals,Bangalore,Karnataka,9,8549.05,5,76941.45,36441.45
2023-10-05,P006,Monitor 27inch 4K,Electronics,Hyderabad,Telangana,9,31499.1,10,283491.9,67491.9
2023-10-05,P007,Gaming Mouse RGB,Peripherals,Hyderabad,Telangana,8,2999.0,0,23992.0,14392.0
2023-10-05,P008,Laptop Stand Aluminum,Accessories,Pune,Maharashtra,5,1349.1,10,6745.5,3745.5
2023-10-06,P001,Laptop Pro X1,Electronics,Kolkata,West Bengal,9,71249.05,5,641241.45,173241.45
2023-10-06,P002,Smart Watch S3,Wearables,Mumbai,Maharashtra,5,24999.0,0,124995.0,49995.0
2023-10-06,P003,Wireless Earbuds,Audio,Chennai,Tamil Nadu,6,4999.0,0,29994.0,14994.0
2023-10-06,P004,USB-C Hub 7-in-1,Accessories,Bangalore,Karnataka,8,1999.0,0,15992.0,9592.0
2023-10-06,P005,Mechanical Keyboard,Peripherals,Delhi,Delhi,6,8099.1,10,48594.6,21594.6
2023-10-06,P006,Monitor 27inch 4K,Electronics,Mumbai,Maharashtra,14,29749.15,15,416488.1,80488.1
2023-10-06,P007,Gaming Mouse RGB,Peripherals,Bangalore,Karnataka,10,2999.0,0,29990.0,17990.0
2023-10-06,P008,Laptop Stand Aluminum,Accessories,Chennai,Tamil Nadu,9,1274.15,15,11467.35,6067.35
2023-10-07,P001,Laptop Pro X1,Electronics,Ahmedabad,Gujarat,14,74999.0,0,1049986.0,321986.0
2023-10-07,P002,Smart Watch S3,Wearables,Chennai,Tamil Nadu,9,22499.1,10,202491.9,67491.9
2023-10-07,P003,Wireless Earbuds,Audio,Ahmedabad,Gujarat,16,4249.15,15,67986.4,27986.4
2023-10-07,P004,USB-C Hub 7-in-1,Accessories,Bangalore,Karnataka,12,1699.15,15,20389.8,10789.8
2023-10-07,P005,Mechanical Keyboard,Peripherals,Delhi,Delhi,7,8999.0,0,62993.0,31493.0
2023-10-07,P006,Monitor 27inch 4K,Electronics,Kolkata,West Bengal,8,29749.15,15,237993.2,45993.2
2023-10-07,P007,Gaming Mouse RGB,Peripherals,Pune,Maharashtra,12,2999.0,0,35988.0,21588.0
2023-10-07,P008,Laptop Stand Aluminum,Accessories,Bangalore,Karnataka,9,1499.0,0,13491.0,8091.0
2023-10-08,P001,Laptop Pro X1,Electronics,Mumbai,Maharashtra,15,74999.0,0,1124985.0,344985.0
2023-10-08,P002,Smart Watch S3,Wearables,Hyderabad,Telangana,5,22499.1,10,112495.5,37495.5
2023-10-08,P003,Wireless Earbuds,Audio,Bangalore,Karnataka,11,4499.1,10,49490.1,21990.1
2023-10-08,P004,USB-C Hub 7-in-1,Accessories,Chennai,Tamil Nadu,5,1999.0,0,9995.0,5995.0
2023-10-08,P005,Mechanical Keyboard,Peripherals,Ahmedabad,Gujarat,12,8549.05,5,102588.6,48588.6
2023-10-08,P006,Monitor 27inch 4K,Electronics,Kolkata,West Bengal,12,29749.15,15,356989.8,68989.8
2023-10-08,P007,Gaming Mouse RGB,Peripherals,Ahmedabad,Gujarat,9,2849.05,5,25641.45,14841.45
2023-10-08,P008,Laptop Stand Aluminum,Accessories,Pune,Maharashtra,12,1499.0,0,17988.0,10788.0
2023-10-09,P001,Laptop Pro X1,Electronics,Ahmedabad,Gujarat,7,63749.15,15,446244.05,82244.05
2023-10-09,P002,Smart Watch S3,Wearables,Bangalore,Karnataka,12,22499.1,10,269989.2,89989.2
2023-10-09,P003,Wireless Earbuds,Audio,Mumbai,Maharashtra,11,4249.15,15,46740.65,19240.65
2023-10-09,P004,USB-C Hub 7-in-1,Accessories,Bangalore,Karnataka,7,1699.15,15,11894.05,6294.05
2023-10-09,P005,Mechanical Keyboard,Peripherals,Mumbai,Maharashtra,9,7649.15,15,68842.35,28342.35
2023-10-09,P006,Monitor 27inch 4K,Electronics,Bangalore,Karnataka,11,34999.0,0,384989.0,120989.0
2023-10-09,P007,Gaming Mouse RGB,Peripherals,Bangalore,Karnataka,9,2999.0,0,26991.0,16191.0
2023-10-09,P008,Laptop Stand Aluminum,Accessories,Hyderabad,Telangana,8,1349.1,10,10792.8,5992.8
2023-10-10,P001,Laptop Pro X1,Electronics,Bangalore,Karnataka,4,74999.0,0,299996.0,91996.0
2023-10-10,P002,Smart Watch S3,Wearables,Kolkata,West Bengal,10,23749.05,5,237490.5,87490.5
2023-10-10,P003,Wireless Earbuds,Audio,Ahmedabad,Gujarat,10,4249.15,15,42491.5,17491.5
2023-10-10,P004,USB-C Hub 7-in-1,Accessories,Mumbai,Maharashtra,9,1899.05,5,17091.45,9891.45
2023-10-10,P005,Mechanical Keyboard,Peripherals,Delhi,Delhi,11,8099.1,10,89090.1,39590.1
2023-10-10,P006,Monitor 27inch 4K,Electronics,Chennai,Tamil Nadu,8,34999.0,0,279992.0,87992.0
2023-10-10,P007,Gaming Mouse RGB,Peripherals,Ahmedabad,Gujarat,9,2699.1,10,24291.9,13491.9
2023-10-10,P008,Laptop Stand Aluminum,Accessories,Hyderabad,Telangana,10,1274.15,15,12741.5,6741.5
2023-10-11,P001,Laptop Pro X1,Electronics,Delhi,Delhi,4,74999.0,0,299996.0,91996.0
2023-10-11,P002,Smart Watch S3,Wearables,Pune,Maharashtra,11,24999.0,0,274989.0,109989.0
2023-10-11,P003,Wireless Earbuds,Audio,Delhi,Delhi,12,4999.0,0,59988.0,29988.0
2023-10-11,P004,USB-C Hub 7-in-1,Accessories,Mumbai,Maharashtra,8,1999.0,0,15992.0,9592.0
2023-10-11,P005,Mechanical Keyboard,Peripherals,Ahmedabad,Gujarat,7,8099.1,10,56693.7,25193.7
2023-10-11,P006,Monitor 27inch 4K,Electronics,Bangalore,Karnataka,5,34999.0,0,174995.0,54995.0
2023-10-11,P007,Gaming Mouse RGB,Peripherals,Chennai,Tamil Nadu,10,2549.15,15,25491.5,13491.5
2023-10-11,P008,Laptop Stand Aluminum,Accessories,Pune,Maharashtra,8,1499.0,0,11992.0,7192.0
2023-10-12,P001,Laptop Pro X1,Electronics,Ahmedabad,Gujarat,6,63749.15,15,382494.9,70494.9
2023-10-12,P002,Smart Watch S3,Wearables,Delhi,Delhi,4,24999.0,0,99996.0,39996.0
2023-10-12,P003,Wireless Earbuds,Audio,Delhi,Delhi,10,4999.0,0,49990.0,24990.0
2023-10-12,P004,USB-C Hub 7-in-1,Accessories,Hyderabad,Telangana,6,1999.0,0,11994.0,7194.0
2023-10-12,P005,Mechanical Keyboard,Peripherals,Bangalore,Karnataka,7,8999.0,0,62993.0,31493.0
2023-10-12,P006,Monitor 27inch 4K,Electronics,Mumbai,Maharashtra,7,31499.1,10,220493.7,52493.7
2023-10-12,P007,Gaming Mouse RGB,Peripherals,Kolkata,West Bengal,11,2549.15,15,28040.65,14840.65
2023-10-12,P008,Laptop Stand Aluminum,Accessories,Bangalore,Karnataka,11,1499.0,0,16489.0,9889.0
2023-10-13,P001,Laptop Pro X1,Electronics,Bangalore,Karnataka,5,74999.0,0,374995.0,114995.0
2023-10-13,P002,Smart Watch S3,Wearables,Bangalore,Karnataka,6,24999.0,0,149994.0,59994.0
2023-10-13,P003,Wireless Earbuds,Audio,Kolkata,West Bengal,6,4999.0,0,29994.0,14994.0
2023-10-13,P004,USB-C Hub 7-in-1,Accessories,Pune,Maharashtra,7,1999.0,0,13993.0,8393.0
2023-10-13,P005,Mechanical Keyboard,Peripherals,Chennai,Tamil Nadu,8,8999.0,0,71992.0,35992.0
2023-10-13,P006,Monitor 27inch 4K,Electronics,Hyderabad,Telangana,7,31499.1,10,220493.7,52493.7
2023-10-13,P007,Gaming Mouse RGB,Peripherals,Bangalore,Karnataka,9,2999.0,0,26991.0,16191.0
2023-10-13,P008,Laptop Stand Aluminum,Accessories,Pune,Maharashtra,9,1424.05,5,12816.45,7416.45
2023-10-14,P001,Laptop Pro X1,Electronics,Kolkata,West Bengal,12,74999.0,0,899988.0,275988.0
2023-10-14,P002,Smart Watch S3,Wearables,Hyderabad,Telangana,15,21249.15,15,318737.25,93737.25
2023-10-14,P003,Wireless Earbuds,Audio,Delhi,Delhi,19,4499.1,10,85482.9,37982.9
2023-10-14,P004,USB-C Hub 7-in-1,Accessories,Pune,Maharashtra,9,1999.0,0,17991.0,10791.0
2023-10-14,P005,Mechanical Keyboard,Peripherals,Ahmedabad,Gujarat,7,8999.0,0,62993.0,31493.0
2023-10-14,P006,Monitor 27inch 4K,Electronics,Mumbai,Maharashtra,12,34999.0,0,419988.0,131988.0
2023-10-14,P007,Gaming Mouse RGB,Peripherals,Chennai,Tamil Nadu,15,2999.0,0,44985.0,26985.0
2023-10-14,P008,Laptop Stand Aluminum,Accessories,Ahmedabad,Gujarat,9,1499.0,0,13491.0,8091.0
2023-10-15,P001,Laptop Pro X1,Electronics,Pune,Maharashtra,12,74999.0,0,899988.0,275988.0
2023-10-15,P002,Smart Watch S3,Wearables,Pune,Maharashtra,34,23749.05,5,807467.7,297467.7
2023-10-15,P003,Wireless Earbuds,Audio,Kolkata,West Bengal,34,4749.05,5,161467.7,76467.7
2023-10-15,P004,USB-C Hub 7-in-1,Accessories,Pune,Maharashtra,21,1999.0,0,41979.0,25179.0
2023-10-15,P005,Mechanical Keyboard,Peripherals,Kolkata,West Bengal,28,8099.1,10,226774.8,100774.8
2023-10-15,P006,Monitor 27inch 4K,Electronics,Bangalore,Karnataka,25,34999.0,0,874975.0,274975.0
2023-10-15,P007,Gaming Mouse RGB,Peripherals,Bangalore,Karnataka,28,2999.0,0,83972.0,50372.0
2023-10-15,P008,Laptop Stand Aluminum,Accessories,Delhi,Delhi,19,1349.1,10,25632.9,14232.9
2023-10-16,P001,Laptop Pro X1,Electronics,Chennai,Tamil Nadu,18,74999.0,0,1349982.0,413982.0
2023-10-16,P002,Smart Watch S3,Wearables,Bangalore,Karnataka,14,21249.15,15,297488.1,87488.1
2023-10-16,P003,Wireless Earbuds,Audio,Bangalore,Karnataka,19,4999.0,0,94981.0,47481.0
2023-10-16,P004,USB-C Hub 7-in-1,Accessories,Mumbai,Maharashtra,16,1799.1,10,28785.6,15985.6
2023-10-16,P005,Mechanical Keyboard,Peripherals,Ahmedabad,Gujarat,14,8099.1,10,113387.4,50387.4
2023-10-16,P006,Monitor 27inch 4K,Electronics,Chennai,Tamil Nadu,25,34999.0,0,874975.0,274975.0
2023-10-16,P007,Gaming Mouse RGB,Peripherals,Hyderabad,Telangana,18,2699.1,10,48583.8,26983.8
2023-10-16,P008,Laptop Stand Aluminum,Accessories,Kolkata,West Bengal,12,1274.15,15,15289.8,8089.8
2023-10-17,P001,Laptop Pro X1,Electronics,Delhi,Delhi,16,74999.0,0,1199984.0,367984.0
2023-10-17,P002,Smart Watch S3,Wearables,Ahmedabad,Gujarat,14,24999.0,0,349986.0,139986.0
2023-10-17,P003,Wireless Earbuds,Audio,Hyderabad,Telangana,18,4999.0,0,89982.0,44982.0
2023-10-17,P004,USB-C Hub 7-in-1,Accessories,Kolkata,West Bengal,18,1799.1,10,32383.8,17983.8
2023-10-17,P005,Mechanical Keyboard,Peripherals,Bangalore,Karnataka,18,8549.05,5,153882.9,72882.9
2023-10-17,P006,Monitor 27inch 4K,Electronics,Pune,Maharashtra,10,31499.1,10,314991.0,74991.0
2023-10-17,P007,Gaming Mouse RGB,Peripherals,Mumbai,Maharashtra,21,2549.15,15,53532.15,28332.15
2023-10-17,P008,Laptop Stand Aluminum,Accessories,Chennai,Tamil Nadu,10,1349.1,10,13491.0,7491.0
2023-10-18,P001,Laptop Pro X1,Electronics,Delhi,Delhi,7,67499.1,10,472493.7,108493.7
2023-10-18,P002,Smart Watch S3,Wearables,Delhi,Delhi,25,23749.05,5,593726.25,218726.25
2023-10-18,P003,Wireless Earbuds,Audio,Delhi,Delhi,23,4999.0,0,114977.0,57477.0
2023-10-18,P004,USB-C Hub 7-in-1,Accessories,Delhi,Delhi,16,1699.15,15,27186.4,14386.4
2023-10-18,P005,Mechanical Keyboard,Peripherals,Kolkata,West Bengal,18,8999.0,0,161982.0,80982.0
2023-10-18,P006,Monitor 27inch 4K,Electronics,Mumbai,Maharashtra,7,34999.0,0,244993.0,76993.0
2023-10-18,P007,Gaming Mouse RGB,Peripherals,Kolkata,West Bengal,14,2999.0,0,41986.0,25186.0
2023-10-18,P008,Laptop Stand Aluminum,Accessories,Bangalore,Karnataka,7,1499.0,0,10493.0,6293.0
2023-10-19,P001,Laptop Pro X1,Electronics,Pune,Maharashtra,10,74999.0,0,749990.0,229990.0
2023-10-19,P002,Smart Watch S3,Wearables,Mumbai,Maharashtra,19,21249.15,15,403733.85,118733.85
2023-10-19,P003,Wireless Earbuds,Audio,Chennai,Tamil Nadu,9,4499.1,10,40491.9,17991.9
2023-10-19,P004,USB-C Hub 7-in-1,Accessories,Pune,Maharashtra,19,1899.05,5,36081.95,20881.95
2023-10-19,P005,Mechanical Keyboard,Peripherals,Kolkata,West Bengal,12,8549.05,5,102588.6,48588.6
2023-10-19,P006,Monitor 27inch 4K,Electronics,Mumbai,Maharashtra,21,34999.0,0,734979.0,230979.0
2023-10-19,P007,Gaming Mouse RGB,Peripherals,Pune,Maharashtra,9,2999.0,0,26991.0,16191.0
2023-10-19,P008,Laptop Stand Aluminum,Accessories,Hyderabad,Telangana,5,1274.15,15,6370.75,3370.75
2023-10-20,P001,Laptop Pro X1,Electronics,Hyderabad,Telangana,14,67499.1,10,944987.4,216987.4
2023-10-20,P002,Smart Watch S3,Wearables,Delhi,Delhi,16,23749.05,5,379984.8,139984.8
2023-10-20,P003,Wireless Earbuds,Audio,Ahmedabad,Gujarat,10,4999.0,0,49990.0,24990.0
2023-10-20,P004,USB-C Hub 7-in-1,Accessories,Bangalore,Karnataka,9,1799.1,10,16191.9,8991.9
2023-10-20,P005,Mechanical Keyboard,Peripherals,Hyderabad,Telangana,9,8549.05,5,76941.45,36441.45
2023-10-20,P006,Monitor 27inch 4K,Electronics,Chennai,Tamil Nadu,16,31499.1,10,503985.6,119985.6
2023-10-20,P007,Gaming Mouse RGB,Peripherals,Ahmedabad,Gujarat,12,2999.0,0,35988.0,21588.0
2023-10-20,P008,Laptop Stand Aluminum,Accessories,Pune,Maharashtra,10,1424.05,5,14240.5,8240.5
2023-10-21,P001,Laptop Pro X1,Electronics,Kolkata,West Bengal,21,67499.1,10,1417481.1,325481.1
2023-10-21,P002,Smart Watch S3,Wearables,Mumbai,Maharashtra,25,22499.1,10,562477.5,187477.5
2023-10-21,P003,Wireless Earbuds,Audio,Delhi,Delhi,14,4749.05,5,66486.7,31486.7
2023-10-21,P004,USB-C Hub 7-in-1,Accessories,Delhi,Delhi,19,1999.0,0,37981.0,22781.0
2023-10-21,P005,Mechanical Keyboard,Peripherals,Bangalore,Karnataka,14,8099.1,10,113387.4,50387.4
2023-10-21,P006,Monitor 27inch 4K,Electronics,Hyderabad,Telangana,7,34999.0,0,244993.0,76993.0
2023-10-21,P007,Gaming Mouse RGB,Peripherals,Delhi,Delhi,27,2999.0,0,80973.0,48573.0
2023-10-21,P008,Laptop Stand Aluminum,Accessories,Delhi,Delhi,12,1499.0,0,17988.0,10788.0
2023-10-22,P001,Laptop Pro X1,Electronics,Bangalore,Karnataka,16,63749.15,15,1019986.4,187986.4
2023-10-22,P002,Smart Watch S3,Wearables,Chennai,Tamil Nadu,32,23749.05,5,759969.6,279969.6
2023-10-22,P003,Wireless Earbuds,Audio,Pune,Maharashtra,16,4249.15,15,67986.4,27986.4
2023-10-22,P004,USB-C Hub 7-in-1,Accessories,Bangalore,Karnataka,12,1899.05,5,22788.6,13188.6
2023-10-22,P005,Mechanical Keyboard,Peripherals,Kolkata,West Bengal,12,8549.05,5,102588.6,48588.6
2023-10-22,P006,Monitor 27inch 4K,Electronics,Chennai,Tamil Nadu,7,31499.1,10,220493.7,52493.7
2023-10-22,P007,Gaming Mouse RGB,Peripherals,Delhi,Delhi,12,2549.15,15,30589.8,16189.8
2023-10-22,P008,Laptop Stand Aluminum,Accessories,Ahmedabad,Gujarat,21,1499.0,0,31479.0,18879.0
2023-10-23,P001,Laptop Pro X1,Electronics,Chennai,Tamil Nadu,12,74999.0,0,899988.0,275988.0
2023-10-23,P002,Smart Watch S3,Wearables,Delhi,Delhi,18,22499.1,10,404983.8,134983.8
2023-10-23,P003,Wireless Earbuds,Audio,Delhi,Delhi,10,4999.0,0,49990.0,24990.0
2023-10-23,P004,USB-C Hub 7-in-1,Accessories,Mumbai,Maharashtra,18,1799.1,10,32383.8,17983.8
2023-10-23,P005,Mechanical Keyboard,Peripherals,Delhi,Delhi,19,8999.0,0,170981.0,85481.0
2023-10-23,P006,Monitor 27inch 4K,Electronics,Delhi,Delhi,14,34999.0,0,489986.0,153986.0
2023-10-23,P007,Gaming Mouse RGB,Peripherals,Delhi,Delhi,19,2699.1,10,51282.9,28482.9
2023-10-23,P008,Laptop Stand Aluminum,Accessories,Ahmedabad,Gujarat,12,1349.1,10,16189.2,8989.2
2023-10-24,P001,Laptop Pro X1,Electronics,Mumbai,Maharashtra,18,63749.15,15,1147484.7,211484.7
2023-10-24,P002,Smart Watch S3,Wearables,Hyderabad,Telangana,12,24999.0,0,299988.0,119988.0
2023-10-24,P003,Wireless Earbuds,Audio,Chennai,Tamil Nadu,14,4749.05,5,66486.7,31486.7
2023-10-24,P004,USB-C Hub 7-in-1,Accessories,Kolkata,West Bengal,16,1899.05,5,30384.8,17584.8
2023-10-24,P005,Mechanical Keyboard,Peripherals,Delhi,Delhi,9,8999.0,0,80991.0,40491.0
2023-10-24,P006,Monitor 27inch 4K,Electronics,Ahmedabad,Gujarat,12,31499.1,10,377989.2,89989.2
2023-10-24,P007,Gaming Mouse RGB,Peripherals,Delhi,Delhi,23,2699.1,10,62079.3,34479.3
2023-10-24,P008,Laptop Stand Aluminum,Accessories,Delhi,Delhi,7,1349.1,10,9443.7,5243.7
2023-10-25,P001,Laptop Pro X1,Electronics,Hyderabad,Telangana,16,74999.0,0,1199984.0,367984.0
2023-10-25,P002,Smart Watch S3,Wearables,Pune,Maharashtra,16,23749.05,5,379984.8,139984.8
2023-10-25,P003,Wireless Earbuds,Audio,Bangalore,Karnataka,12,4999.0,0,59988.0,29988.0
2023-10-25,P004,USB-C Hub 7-in-1,Accessories,Ahmedabad,Gujarat,16,1899.05,5,30384.8,17584.8
2023-10-25,P005,Mechanical Keyboard,Peripherals,Delhi,Delhi,14,8999.0,0,125986.0,62986.0
2023-10-25,P006,Monitor 27inch 4K,Electronics,Mumbai,Maharashtra,10,34999.0,0,349990.0,109990.0
2023-10-25,P007,Gaming Mouse RGB,Peripherals,Ahmedabad,Gujarat,12,2999.0,0,35988.0,21588.0
2023-10-25,P008,Laptop Stand Aluminum,Accessories,Bangalore,Karnataka,14,1499.0,0,20986.0,12586.0
2023-10-26,P001,Laptop Pro X1,Electronics,Kolkata,West Bengal,21,67499.1,10,1417481.1,325481.1
2023-10-26,P002,Smart Watch S3,Wearables,Mumbai,Maharashtra,3,22499.1,10,67497.3,22497.3
2023-10-26,P003,Wireless Earbuds,Audio,Bangalore,Karnataka,14,4999.0,0,69986.0,34986.0
2023-10-26,P004,USB-C Hub 7-in-1,Accessories,Kolkata,West Bengal,10,1699.15,15,16991.5,8991.5
2023-10-26,P005,Mechanical Keyboard,Peripherals,Delhi,Delhi,9,8099.1,10,72891.9,32391.9
2023-10-26,P006,Monitor 27inch 4K,Electronics,Mumbai,Maharashtra,10,29749.15,15,297491.5,57491.5
2023-10-26,P007,Gaming Mouse RGB,Peripherals,Ahmedabad,Gujarat,14,2699.1,10,37787.4,20987.4
2023-10-26,P008,Laptop Stand Aluminum,Accessories,Ahmedabad,Gujarat,21,1499.0,0,31479.0,18879.0
2023-10-27,P001,Laptop Pro X1,Electronics,Mumbai,Maharashtra,12,63749.15,15,764989.8,140989.8
2023-10-27,P002,Smart Watch S3,Wearables,Ahmedabad,Gujarat,12,24999.0,0,299988.0,119988.0
2023-10-27,P003,Wireless Earbuds,Audio,Kolkata,West Bengal,9,4749.05,5,42741.45,20241.45
2023-10-27,P004,USB-C Hub 7-in-1,Accessories,Pune,Maharashtra,12,1799.1,10,21589.2,11989.2
2023-10-27,P005,Mechanical Keyboard,Peripherals,Bangalore,Karnataka,10,8549.05,5,85490.5,40490.5
2023-10-27,P006,Monitor 27inch 4K,Electronics,Delhi,Delhi,21,34999.0,0,734979.0,230979.0
2023-10-27,P007,Gaming Mouse RGB,Peripherals,Kolkata,West Bengal,19,2999.0,0,56981.0,34181.0
2023-10-27,P008,Laptop Stand Aluminum,Accessories,Bangalore,Karnataka,5,1499.0,0,7495.0,4495.0
2023-10-28,P001,Laptop Pro X1,Electronics,Ahmedabad,Gujarat,28,74999.0,0,2099972.0,643972.0
2023-10-28,P002,Smart Watch S3,Wearables,Chennai,Tamil Nadu,3,24999.0,0,74997.0,29997.0
2023-10-28,P003,Wireless Earbuds,Audio,Mumbai,Maharashtra,25,4499.1,10,112477.5,49977.5
2023-10-28,P004,USB-C Hub 7-in-1,Accessories,Bangalore,Karnataka,19,1799.1,10,34182.9,18982.9
2023-10-28,P005,Mechanical Keyboard,Peripherals,Mumbai,Maharashtra,12,8549.05,5,102588.6,48588.6
2023-10-28,P006,Monitor 27inch 4K,Electronics,Chennai,Tamil Nadu,25,29749.15,15,743728.75,143728.75
2023-10-28,P007,Gaming Mouse RGB,Peripherals,Pune,Maharashtra,16,2849.05,5,45584.8,26384.8
2023-10-28,P008,Laptop Stand Aluminum,Accessories,Pune,Maharashtra,9,1499.0,0,13491.0,8091.0
2023-10-29,P001,Laptop Pro X1,Electronics,Delhi,Delhi,32,71249.05,5,2279969.6,615969.6
2023-10-29,P002,Smart Watch S3,Wearables,Hyderabad,Telangana,28,24999.0,0,699972.0,279972.0
2023-10-29,P003,Wireless Earbuds,Audio,Ahmedabad,Gujarat,19,4499.1,10,85482.9,37982.9
2023-10-29,P004,USB-C Hub 7-in-1,Accessories,Pune,Maharashtra,28,1799.1,10,50374.8,27974.8
2023-10-29,P005,Mechanical Keyboard,Peripherals,Hyderabad,Telangana,9,7649.15,15,68842.35,28342.35
2023-10-29,P006,Monitor 27inch 4K,Electronics,Ahmedabad,Gujarat,16,34999.0,0,559984.0,175984.0
2023-10-29,P007,Gaming Mouse RGB,Peripherals,Ahmedabad,Gujarat,14,2699.1,10,37787.4,20987.4
2023-10-29,P008,Laptop Stand Aluminum,Accessories,Kolkata,West Bengal,28,1499.0,0,41972.0,25172.0
2023-10-30,P001,Laptop Pro X1,Electronics,Pune,Maharashtra,14,67499.1,10,944987.4,216987.4
2023-10-30,P002,Smart Watch S3,Wearables,Kolkata,West Bengal,14,24999.0,0,349986.0,139986.0
2023-10-30,P003,Wireless Earbuds,Audio,Hyderabad,Telangana,16,4499.1,10,71985.6,31985.6
2023-10-30,P004,USB-C Hub 7-in-1,Accessories,Pune,Maharashtra,16,1699.15,15,27186.4,14386.4
2023-10-30,P005,Mechanical Keyboard,Peripherals,Ahmedabad,Gujarat,5,7649.15,15,38245.75,15745.75
2023-10-30,P006,Monitor 27inch 4K,Electronics,Delhi,Delhi,9,29749.15,15,267742.35,51742.35
2023-10-30,P007,Gaming Mouse RGB,Peripherals,Bangalore,Karnataka,10,2549.15,15,25491.5,13491.5
2023-10-30,P008,Laptop Stand Aluminum,Accessories,Chennai,Tamil Nadu,14,1424.05,5,19936.7,11536.7
2023-10-31,P001,Laptop Pro X1,Electronics,Delhi,Delhi,27,74999.0,0,2024973.0,620973.0
2023-10-31,P002,Smart Watch S3,Wearables,Chennai,Tamil Nadu,7,22499.1,10,157493.7,52493.7
2023-10-31,P003,Wireless Earbuds,Audio,Ahmedabad,Gujarat,21,4999.0,0,104979.0,52479.0
2023-10-31,P004,USB-C Hub 7-in-1,Accessories,Mumbai,Maharashtra,10,1999.0,0,19990.0,11990.0
2023-10-31,P005,Mechanical Keyboard,Peripherals,Ahmedabad,Gujarat,18,7649.15,15,137684.7,56684.7
2023-10-31,P006,Monitor 27inch 4K,Electronics,Mumbai,Maharashtra,19,34999.0,0,664981.0,208981.0
2023-10-31,P007,Gaming Mouse RGB,Peripherals,Delhi,Delhi,5,2849.05,5,14245.25,8245.25
2023-10-31,P008,Laptop Stand Aluminum,Accessories,Ahmedabad,Gujarat,18,1499.0,0,26982.0,16182.0
2023-11-01,P001,Laptop Pro X1,Electronics,Bangalore,Karnataka,10,74999.0,0,749990.0,229990.0
2023-11-01,P002,Smart Watch S3,Wearables,Chennai,Tamil Nadu,6,24999.0,0,149994.0,59994.0
2023-11-01,P003,Wireless Earbuds,Audio,Bangalore,Karnataka,2,4499.1,10,8998.2,3998.2
2023-11-01,P004,USB-C Hub 7-in-1,Accessories,Mumbai,Maharashtra,7,1699.15,15,11894.05,6294.05
2023-11-01,P005,Mechanical Keyboard,Peripherals,Ahmedabad,Gujarat,4,8549.05,5,34196.2,16196.2
2023-11-01,P006,Monitor 27inch 4K,Electronics,Hyderabad,Telangana,14,29749.15,15,416488.1,80488.1
2023-11-01,P007,Gaming Mouse RGB,Peripherals,Mumbai,Maharashtra,15,2999.0,0,44985.0,26985.0
2023-11-01,P008,Laptop Stand Aluminum,Accessories,Kolkata,West Bengal,7,1424.05,5,9968.35,5768.35
2023-11-02,P001,Laptop Pro X1,Electronics,Mumbai,Maharashtra,11,74999.0,0,824989.0,252989.0
2023-11-02,P002,Smart Watch S3,Wearables,Hyderabad,Telangana,7,24999.0,0,174993.0,69993.0
2023-11-02,P003,Wireless Earbuds,Audio,Mumbai,Maharashtra,11,4499.1,10,49490.1,21990.1
2023-11-02,P004,USB-C Hub 7-in-1,Accessories,Chennai,Tamil Nadu,9,1799.1,10,16191.9,8991.9
2023-11-02,P005,Mechanical Keyboard,Peripherals,Delhi,Delhi,11,7649.15,15,84140.65,34640.65
2023-11-02,P006,Monitor 27inch 4K,Electronics,Mumbai,Maharashtra,8,34999.0,0,279992.0,87992.0
2023-11-02,P007,Gaming Mouse RGB,Peripherals,Chennai,Tamil Nadu,8,2549.15,15,20393.2,10793.2
2023-11-02,P008,Laptop Stand Aluminum,Accessories,Mumbai,Maharashtra,12,1499.0,0,17988.0,10788.0
2023-11-03,P001,Laptop Pro X1,Electronics,Bangalore,Karnataka,3,74999.0,0,224997.0,68997.0
2023-11-03,P002,Smart Watch S3,Wearables,Ahmedabad,Gujarat,11,24999.0,0,274989.0,109989.0
2023-11-03,P003,Wireless Earbuds,Audio,Ahmedabad,Gujarat,13,4749.05,5,61737.65,29237.65
2023-11-03,P004,USB-C Hub 7-in-1,Accessories,Chennai,Tamil Nadu,4,1799.1,10,7196.4,3996.4
2023-11-03,P005,Mechanical Keyboard,Peripherals,Mumbai,Maharashtra,7,7649.15,15,53544.05,22044.05
2023-11-03,P006,Monitor 27inch 4K,Electronics,Bangalore,Karnataka,12,34999.0,0,419988.0,131988.0
2023-11-03,P007,Gaming Mouse RGB,Peripherals,Hyderabad,Telangana,8,2549.15,15,20393.2,10793.2
2023-11-03,P008,Laptop Stand Aluminum,Accessories,Pune,Maharashtra,7,1499.0,0,10493.0,6293.0
2023-11-04,P001,Laptop Pro X1,Electronics,Hyderabad,Telangana,19,74999.0,0,1424981.0,436981.0
2023-11-04,P002,Smart Watch S3,Wearables,Chennai,Tamil Nadu,11,23749.05,5,261239.55,96239.55
2023-11-04,P003,Wireless Earbuds,Audio,Ahmedabad,Gujarat,8,4499.1,10,35992.8,15992.8
2023-11-04,P004,USB-C Hub 7-in-1,Accessories,Mumbai,Maharashtra,11,1999.0,0,21989.0,13189.0
2023-11-04,P005,Mechanical Keyboard,Peripherals,Delhi,Delhi,12,8549.05,5,102588.6,48588.6
2023-11-04,P006,Monitor 27inch 4K,Electronics,Bangalore,Karnataka,8,31499.1,10,251992.8,59992.8
2023-11-04,P007,Gaming Mouse RGB,Peripherals,Bangalore,Karnataka,7,2699.1,10,18893.7,10493.7
2023-11-04,P008,Laptop Stand Aluminum,Accessories,Hyderabad,Telangana,14,1499.0,0,20986.0,12586.0
2023-11-05,P001,Laptop Pro X1,Electronics,Bangalore,Karnataka,14,67499.1,10,944987.4,216987.4
2023-11-05,P002,Smart Watch S3,Wearables,Hyderabad,Telangana,8,22499.1,10,179992.8,59992.8
2023-11-05,P003,Wireless Earbuds,Audio,Hyderabad,Telangana,18,4249.15,15,76484.7,31484.7
2023-11-05,P004,USB-C Hub 7-in-1,Accessories,Kolkata,West Bengal,7,1899.05,5,13293.35,7693.35
2023-11-05,P005,Mechanical Keyboard,Peripherals,Kolkata,West Bengal,9,8999.0,0,80991.0,40491.0
2023-11-05,P006,Monitor 27inch 4K,Electronics,Pune,Maharashtra,8,33249.05,5,265992.4,73992.4
2023-11-05,P007,Gaming Mouse RGB,Peripherals,Kolkata,West Bengal,26,2699.1,10,70176.6,38976.6
2023-11-05,P008,Laptop Stand Aluminum,Accessories,Mumbai,Maharashtra,7,1424.05,5,9968.35,5768.35
2023-11-06,P001,Laptop Pro X1,Electronics,Bangalore,Karnataka,11,74999.0,0,824989.0,252989.0
2023-11-06,P002,Smart Watch S3,Wearables,Bangalore,Karnataka,11,23749.05,5,261239.55,96239.55
2023-11-06,P003,Wireless Earbuds,Audio,Chennai,Tamil Nadu,8,4249.15,15,33993.2,13993.2
2023-11-06,P004,USB-C Hub 7-in-1,Accessories,Chennai,Tamil Nadu,13,1999.0,0,25987.0,15587.0
2023-11-06,P005,Mechanical Keyboard,Peripherals,Ahmedabad,Gujarat,4,8999.0,0,35996.0,17996.0
2023-11-06,P006,Monitor 27inch 4K,Electronics,Mumbai,Maharashtra,9,29749.15,15,267742.35,51742.35
2023-11-06,P007,Gaming Mouse RGB,Peripherals,Hyderabad,Telangana,12,2999.0,0,35988.0,21588.0
2023-11-06,P008,Laptop Stand Aluminum,Accessories,Hyderabad,Telangana,11,1499.0,0,16489.0,9889.0
2023-11-07,P001,Laptop Pro X1,Electronics,Ahmedabad,Gujarat,6,63749.15,15,382494.9,70494.9
2023-11-07,P002,Smart Watch S3,Wearables,Pune,Maharashtra,3,24999.0,0,74997.0,29997.0
2023-11-07,P003,Wireless Earbuds,Audio,Delhi,Delhi,6,4749.05,5,28494.3,13494.3
2023-11-07,P004,USB-C Hub 7-in-1,Accessories,Pune,Maharashtra,5,1999.0,0,9995.0,5995.0
2023-11-07,P005,Mechanical Keyboard,Peripherals,Chennai,Tamil Nadu,8,8099.1,10,64792.8,28792.8
2023-11-07,P006,Monitor 27inch 4K,Electronics,Hyderabad,Telangana,7,34999.0,0,244993.0,76993.0
2023-11-07,P007,Gaming Mouse RGB,Peripherals,Chennai,Tamil Nadu,4,2849.05,5,11396.2,6596.2
2023-11-07,P008,Laptop Stand Aluminum,Accessories,Chennai,Tamil Nadu,5,1499.0,0,7495.0,4495.0
2023-11-08,P001,Laptop Pro X1,Electronics,Chennai,Tamil Nadu,11,74999.0,0,824989.0,252989.0
2023-11-08,P002,Smart Watch S3,Wearables,Chennai,Tamil Nadu,16,24999.0,0,399984.0,159984.0
2023-11-08,P003,Wireless Earbuds,Audio,Chennai,Tamil Nadu,11,4999.0,0,54989.0,27489.0
2023-11-08,P004,USB-C Hub 7-in-1,Accessories,Pune,Maharashtra,7,1999.0,0,13993.0,8393.0
2023-11-08,P005,Mechanical Keyboard,Peripherals,Bangalore,Karnataka,17,8999.0,0,152983.0,76483.0
2023-11-08,P006,Monitor 27inch 4K,Electronics,Bangalore,Karnataka,9,29749.15,15,267742.35,51742.35
2023-11-08,P007,Gaming Mouse RGB,Peripherals,Kolkata,West Bengal,10,2699.1,10,26991.0,14991.0
2023-11-08,P008,Laptop Stand Aluminum,Accessories,Mumbai,Maharashtra,10,1349.1,10,13491.0,7491.0
2023-11-09,P001,Laptop Pro X1,Electronics,Mumbai,Maharashtra,7,71249.05,5,498743.35,134743.35
2023-11-09,P002,Smart Watch S3,Wearables,Pune,Maharashtra,14,22499.1,10,314987.4,104987.4
2023-11-09,P003,Wireless Earbuds,Audio,Pune,Maharashtra,10,4749.05,5,47490.5,22490.5
2023-11-09,P004,USB-C Hub 7-in-1,Accessories,Hyderabad,Telangana,7,1899.05,5,13293.35,7693.35
2023-11-09,P005,Mechanical Keyboard,Peripherals,Delhi,Delhi,10,8099.1,10,80991.0,35991.0
2023-11-09,P006,Monitor 27inch 4K,Electronics,Hyderabad,Telangana,8,33249.05,5,265992.4,73992.4
2023-11-09,P007,Gaming Mouse RGB,Peripherals,Chennai,Tamil Nadu,17,2699.1,10,45884.7,25484.7
2023-11-09,P008,Laptop Stand Aluminum,Accessories,Delhi,Delhi,8,1499.0,0,11992.0,7192.0
2023-11-10,P001,Laptop Pro X1,Electronics,Ahmedabad,Gujarat,6,71249.05,5,427494.3,115494.3
2023-11-10,P002,Smart Watch S3,Wearables,Mumbai,Maharashtra,10,22499.1,10,224991.0,74991.0
2023-11-10,P003,Wireless Earbuds,Audio,Pune,Maharashtra,4,4749.05,5,18996.2,8996.2
2023-11-10,P004,USB-C Hub 7-in-1,Accessories,Delhi,Delhi,9,1899.05,5,17091.45,9891.45
2023-11-10,P005,Mechanical Keyboard,Peripherals,Bangalore,Karnataka,9,7649.15,15,68842.35,28342.35
2023-11-10,P006,Monitor 27inch 4K,Electronics,Kolkata,West Bengal,11,34999.0,0,384989.0,120989.0
2023-11-10,P007,Gaming Mouse RGB,Peripherals,Mumbai,Maharashtra,10,2999.0,0,29990.0,17990.0
2023-11-10,P008,Laptop Stand Aluminum,Accessories,Chennai,Tamil Nadu,11,1424.05,5,15664.55,9064.55
2023-11-11,P001,Laptop Pro X1,Electronics,Bangalore,Karnataka,14,74999.0,0,1049986.0,321986.0
2023-11-11,P002,Smart Watch S3,Wearables,Pune,Maharashtra,7,22499.1,10,157493.7,52493.7
2023-11-11,P003,Wireless Earbuds,Audio,Hyderabad,Telangana,12,4999.0,0,59988.0,29988.0
2023-11-11,P004,USB-C Hub 7-in-1,Accessories,Hyderabad,Telangana,7,1999.0,0,13993.0,8393.0
2023-11-11,P005,Mechanical Keyboard,Peripherals,Hyderabad,Telangana,5,8549.05,5,42745.25,20245.25
2023-11-11,P006,Monitor 27inch 4K,Electronics,Pune,Maharashtra,14,34999.0,0,489986.0,153986.0
2023-11-11,P007,Gaming Mouse RGB,Peripherals,Delhi,Delhi,21,2849.05,5,59830.05,34630.05
2023-11-11,P008,Laptop Stand Aluminum,Accessories,Ahmedabad,Gujarat,1,1499.0,0,1499.0,899.0
2023-11-12,P001,Laptop Pro X1,Electronics,Ahmedabad,Gujarat,18,63749.15,15,1147484.7,211484.7
2023-11-12,P002,Smart Watch S3,Wearables,Pune,Maharashtra,14,24999.0,0,349986.0,139986.0
2023-11-12,P003,Wireless Earbuds,Audio,Ahmedabad,Gujarat,8,4999.0,0,39992.0,19992.0
2023-11-12,P004,USB-C Hub 7-in-1,Accessories,Kolkata,West Bengal,9,1999.0,0,17991.0,10791.0
2023-11-12,P005,Mechanical Keyboard,Peripherals,Delhi,Delhi,9,8099.1,10,72891.9,32391.9
2023-11-12,P006,Monitor 27inch 4K,Electronics,Chennai,Tamil Nadu,11,34999.0,0,384989.0,120989.0
2023-11-12,P007,Gaming Mouse RGB,Peripherals,Hyderabad,Telangana,15,2999.0,0,44985.0,26985.0
2023-11-12,P008,Laptop Stand Aluminum,Accessories,Ahmedabad,Gujarat,14,1424.05,5,19936.7,11536.7
2023-11-13,P001,Laptop Pro X1,Electronics,Chennai,Tamil Nadu,6,74999.0,0,449994.0,137994.0
2023-11-13,P002,Smart Watch S3,Wearables,Delhi,Delhi,7,23749.05,5,166243.35,61243.35
2023-11-13,P003,Wireless Earbuds,Audio,Mumbai,Maharashtra,8,4999.0,0,39992.0,19992.0
2023-11-13,P004,USB-C Hub 7-in-1,Accessories,Ahmedabad,Gujarat,15,1899.05,5,28485.75,16485.75
2023-11-13,P005,Mechanical Keyboard,Peripherals,Delhi,Delhi,10,7649.15,15,76491.5,31491.5
2023-11-13,P006,Monitor 27inch 4K,Electronics,Pune,Maharashtra,10,33249.05,5,332490.5,92490.5
2023-11-13,P007,Gaming Mouse RGB,Peripherals,Hyderabad,Telangana,12,2999.0,0,35988.0,21588.0
2023-11-13,P008,Laptop Stand Aluminum,Accessories,Mumbai,Maharashtra,8,1424.05,5,11392.4,6592.4
2023-11-14,P001,Laptop Pro X1,Electronics,Bangalore,Karnataka,10,63749.15,15,637491.5,117491.5
2023-11-14,P002,Smart Watch S3,Wearables,Delhi,Delhi,11,24999.0,0,274989.0,109989.0
2023-11-14,P003,Wireless Earbuds,Audio,Chennai,Tamil Nadu,5,4999.0,0,24995.0,12495.0
2023-11-14,P004,USB-C Hub 7-in-1,Accessories,Kolkata,West Bengal,7,1699.15,15,11894.05,6294.05
2023-11-14,P005,Mechanical Keyboard,Peripherals,Bangalore,Karnataka,13,8549.05,5,111137.65,52637.65
2023-11-14,P006,Monitor 27inch 4K,Electronics,Pune,Maharashtra,4,34999.0,0,139996.0,43996.0
2023-11-14,P007,Gaming Mouse RGB,Peripherals,Pune,Maharashtra,4,2999.0,0,11996.0,7196.0
2023-11-14,P008,Laptop Stand Aluminum,Accessories,Hyderabad,Telangana,7,1499.0,0,10493.0,6293.0
2023-11-15,P001,Laptop Pro X1,Electronics,Mumbai,Maharashtra,12,71249.05,5,854988.6,230988.6
2023-11-15,P002,Smart Watch S3,Wearables,Bangalore,Karnataka,16,24999.0,0,399984.0,159984.0
2023-11-15,P003,Wireless Earbuds,Audio,Chennai,Tamil Nadu,16,4499.1,10,71985.6,31985.6
2023-11-15,P004,USB-C Hub 7-in-1,Accessories,Delhi,Delhi,9,1999.0,0,17991.0,10791.0
2023-11-15,P005,Mechanical Keyboard,Peripherals,Pune,Maharashtra,19,8999.0,0,170981.0,85481.0
2023-11-15,P006,Monitor 27inch 4K,Electronics,Kolkata,West Bengal,19,29749.15,15,565233.85,109233.85
2023-11-15,P007,Gaming Mouse RGB,Peripherals,Kolkata,West Bengal,10,2999.0,0,29990.0,17990.0
2023-11-15,P008,Laptop Stand Aluminum,Accessories,Ahmedabad,Gujarat,14,1349.1,10,18887.4,10487.4
2023-11-16,P001,Laptop Pro X1,Electronics,Hyderabad,Telangana,19,71249.05,5,1353731.95,365731.95
2023-11-16,P002,Smart Watch S3,Wearables,Delhi,Delhi,12,24999.0,0,299988.0,119988.0
2023-11-16,P003,Wireless Earbuds,Audio,Pune,Maharashtra,12,4749.05,5,56988.6,26988.6
2023-11-16,P004,USB-C Hub 7-in-1,Accessories,Ahmedabad,Gujarat,14,1999.0,0,27986.0,16786.0
2023-11-16,P005,Mechanical Keyboard,Peripherals,Bangalore,Karnataka,19,8999.0,0,170981.0,85481.0
2023-11-16,P006,Monitor 27inch 4K,Electronics,Pune,Maharashtra,5,34999.0,0,174995.0,54995.0
2023-11-16,P007,Gaming Mouse RGB,Peripherals,Pune,Maharashtra,14,2999.0,0,41986.0,25186.0
2023-11-16,P008,Laptop Stand Aluminum,Accessories,Hyderabad,Telangana,23,1274.15,15,29305.45,15505.45
2023-11-17,P001,Laptop Pro X1,Electronics,Hyderabad,Telangana,18,67499.1,10,1214983.8,278983.8
2023-11-17,P002,Smart Watch S3,Wearables,Ahmedabad,Gujarat,27,24999.0,0,674973.0,269973.0
2023-11-17,P003,Wireless Earbuds,Audio,Kolkata,West Bengal,10,4999.0,0,49990.0,24990.0
2023-11-17,P004,USB-C Hub 7-in-1,Accessories,Kolkata,West Bengal,7,1899.05,5,13293.35,7693.35
2023-11-17,P005,Mechanical Keyboard,Peripherals,Delhi,Delhi,10,8999.0,0,89990.0,44990.0
2023-11-17,P006,Monitor 27inch 4K,Electronics,Mumbai,Maharashtra,18,34999.0,0,629982.0,197982.0
2023-11-17,P007,Gaming Mouse RGB,Peripherals,Chennai,Tamil Nadu,14,2549.15,15,35688.1,18888.1
2023-11-17,P008,Laptop Stand Aluminum,Accessories,Hyderabad,Telangana,7,1274.15,15,8919.05,4719.05
2023-11-18,P001,Laptop Pro X1,Electronics,Bangalore,Karnataka,12,74999.0,0,899988.0,275988.0
2023-11-18,P002,Smart Watch S3,Wearables,Delhi,Delhi,12,23749.05,5,284988.6,104988.6
2023-11-18,P003,Wireless Earbuds,Audio,Bangalore,Karnataka,32,4999.0,0,159968.0,79968.0
2023-11-18,P004,USB-C Hub 7-in-1,Accessories,Bangalore,Karnataka,19,1899.05,5,36081.95,20881.95
2023-11-18,P005,Mechanical Keyboard,Peripherals,Mumbai,Maharashtra,9,8999.0,0,80991.0,40491.0
2023-11-18,P006,Monitor 27inch 4K,Electronics,Ahmedabad,Gujarat,14,31499.1,10,440987.4,104987.4
2023-11-18,P007,Gaming Mouse RGB,Peripherals,Bangalore,Karnataka,14,2999.0,0,41986.0,25186.0
2023-11-18,P008,Laptop Stand Aluminum,Accessories,Hyderabad,Telangana,25,1349.1,10,33727.5,18727.5
2023-11-19,P001,Laptop Pro X1,Electronics,Delhi,Delhi,25,74999.0,0,1874975.0,574975.0
2023-11-19,P002,Smart Watch S3,Wearables,Ahmedabad,Gujarat,16,24999.0,0,399984.0,159984.0
2023-11-19,P003,Wireless Earbuds,Audio,Chennai,Tamil Nadu,14,4999.0,0,69986.0,34986.0
2023-11-19,P004,USB-C Hub 7-in-1,Accessories,Hyderabad,Telangana,21,1899.05,5,39880.05,23080.05
2023-11-19,P005,Mechanical Keyboard,Peripherals,Delhi,Delhi,25,8999.0,0,224975.0,112475.0
2023-11-19,P006,Monitor 27inch 4K,Electronics,Delhi,Delhi,27,34999.0,0,944973.0,296973.0
2023-11-19,P007,Gaming Mouse RGB,Peripherals,Mumbai,Maharashtra,19,2549.15,15,48433.85,25633.85
2023-11-19,P008,Laptop Stand Aluminum,Accessories,Pune,Maharashtra,3,1499.0,0,4497.0,2697.0
2023-11-20,P001,Laptop Pro X1,Electronics,Kolkata,West Bengal,14,71249.05,5,997486.7,269486.7
2023-11-20,P002,Smart Watch S3,Wearables,Hyderabad,Telangana,1,22499.1,10,22499.1,7499.1
2023-11-20,P003,Wireless Earbuds,Audio,Kolkata,West Bengal,9,4999.0,0,44991.0,22491.0
2023-11-20,P004,USB-C Hub 7-in-1,Accessories,Delhi,Delhi,18,1799.1,10,32383.8,17983.8
2023-11-20,P005,Mechanical Keyboard,Peripherals,Kolkata,West Bengal,18,7649.15,15,137684.7,56684.7
2023-11-20,P006,Monitor 27inch 4K,Electronics,Ahmedabad,Gujarat,16,31499.1,10,503985.6,119985.6
2023-11-20,P007,Gaming Mouse RGB,Peripherals,Hyderabad,Telangana,23,2999.0,0,68977.0,41377.0
2023-11-20,P008,Laptop Stand Aluminum,Accessories,Kolkata,West Bengal,12,1349.1,10,16189.2,8989.2
2023-11-21,P001,Laptop Pro X1,Electronics,Chennai,Tamil Nadu,12,74999.0,0,899988.0,275988.0
2023-11-21,P002,Smart Watch S3,Wearables,Kolkata,West Bengal,21,24999.0,0,524979.0,209979.0
2023-11-21,P003,Wireless Earbuds,Audio,Pune,Maharashtra,3,4749.05,5,14247.15,6747.15
2023-11-21,P004,USB-C Hub 7-in-1,Accessories,Hyderabad,Telangana,16,1999.0,0,31984.0,19184.0
2023-11-21,P005,Mechanical Keyboard,Peripherals,Hyderabad,Telangana,10,8999.0,0,89990.0,44990.0
2023-11-21,P006,Monitor 27inch 4K,Electronics,Mumbai,Maharashtra,18,31499.1,10,566983.8,134983.8
2023-11-21,P007,Gaming Mouse RGB,Peripherals,Delhi,Delhi,25,2999.0,0,74975.0,44975.0
2023-11-21,P008,Laptop Stand Aluminum,Accessories,Hyderabad,Telangana,21,1424.05,5,29905.05,17305.05
2023-11-22,P001,Laptop Pro X1,Electronics,Mumbai,Maharashtra,9,63749.15,15,573742.35,105742.35
2023-11-22,P002,Smart Watch S3,Wearables,Kolkata,West Bengal,16,23749.05,5,379984.8,139984.8
2023-11-22,P003,Wireless Earbuds,Audio,Hyderabad,Telangana,9,4999.0,0,44991.0,22491.0
2023-11-22,P004,USB-C Hub 7-in-1,Accessories,Ahmedabad,Gujarat,12,1999.0,0,23988.0,14388.0
2023-11-22,P005,Mechanical Keyboard,Peripherals,Chennai,Tamil Nadu,25,8999.0,0,224975.0,112475.0
2023-11-22,P006,Monitor 27inch 4K,Electronics,Pune,Maharashtra,18,34999.0,0,629982.0,197982.0
2023-11-22,P007,Gaming Mouse RGB,Peripherals,Ahmedabad,Gujarat,21,2699.1,10,56681.1,31481.1
2023-11-22,P008,Laptop Stand Aluminum,Accessories,Ahmedabad,Gujarat,14,1424.05,5,19936.7,11536.7
2023-11-23,P001,Laptop Pro X1,Electronics,Chennai,Tamil Nadu,16,74999.0,0,1199984.0,367984.0
2023-11-23,P002,Smart Watch S3,Wearables,Ahmedabad,Gujarat,9,23749.05,5,213741.45,78741.45
2023-11-23,P003,Wireless Earbuds,Audio,Chennai,Tamil Nadu,12,4999.0,0,59988.0,29988.0
2023-11-23,P004,USB-C Hub 7-in-1,Accessories,Bangalore,Karnataka,19,1899.05,5,36081.95,20881.95
2023-11-23,P005,Mechanical Keyboard,Peripherals,Chennai,Tamil Nadu,14,8099.1,10,113387.4,50387.4
2023-11-23,P006,Monitor 27inch 4K,Electronics,Hyderabad,Telangana,14,34999.0,0,489986.0,153986.0
2023-11-23,P007,Gaming Mouse RGB,Peripherals,Hyderabad,Telangana,10,2849.05,5,28490.5,16490.5
2023-11-23,P008,Laptop Stand Aluminum,Accessories,Chennai,Tamil Nadu,16,1499.0,0,23984.0,14384.0
2023-11-24,P001,Laptop Pro X1,Electronics,Delhi,Delhi,16,74999.0,0,1199984.0,367984.0
2023-11-24,P002,Smart Watch S3,Wearables,Hyderabad,Telangana,14,24999.0,0,349986.0,139986.0
2023-11-24,P003,Wireless Earbuds,Audio,Kolkata,West Bengal,14,4499.1,10,62987.4,27987.4
2023-11-24,P004,USB-C Hub 7-in-1,Accessories,Kolkata,West Bengal,9,1999.0,0,17991.0,10791.0
2023-11-24,P005,Mechanical Keyboard,Peripherals,Kolkata,West Bengal,25,8999.0,0,224975.0,112475.0
2023-11-24,P006,Monitor 27inch 4K,Electronics,Pune,Maharashtra,18,34999.0,0,629982.0,197982.0
2023-11-24,P007,Gaming Mouse RGB,Peripherals,Delhi,Delhi,10,2999.0,0,29990.0,17990.0
2023-11-24,P008,Laptop Stand Aluminum,Accessories,Mumbai,Maharashtra,12,1499.0,0,17988.0,10788.0
2023-11-25,P001,Laptop Pro X1,Electronics,Bangalore,Karnataka,27,74999.0,0,2024973.0,620973.0
2023-11-25,P002,Smart Watch S3,Wearables,Hyderabad,Telangana,21,24999.0,0,524979.0,209979.0
2023-11-25,P003,Wireless Earbuds,Audio,Kolkata,West Bengal,9,4249.15,15,38242.35,15742.35
2023-11-25,P004,USB-C Hub 7-in-1,Accessories,Mumbai,Maharashtra,21,1999.0,0,41979.0,25179.0
2023-11-25,P005,Mechanical Keyboard,Peripherals,Bangalore,Karnataka,19,8999.0,0,170981.0,85481.0
2023-11-25,P006,Monitor 27inch 4K,Electronics,Mumbai,Maharashtra,25,33249.05,5,831226.25,231226.25
2023-11-25,P007,Gaming Mouse RGB,Peripherals,Chennai,Tamil Nadu,21,2999.0,0,62979.0,37779.0
2023-11-25,P008,Laptop Stand Aluminum,Accessories,Ahmedabad,Gujarat,19,1499.0,0,28481.0,17081.0
2023-11-26,P001,Laptop Pro X1,Electronics,Kolkata,West Bengal,19,74999.0,0,1424981.0,436981.0
2023-11-26,P002,Smart Watch S3,Wearables,Kolkata,West Bengal,32,21249.15,15,679972.8,199972.8
2023-11-26,P003,Wireless Earbuds,Audio,Mumbai,Maharashtra,16,4999.0,0,79984.0,39984.0
2023-11-26,P004,USB-C Hub 7-in-1,Accessories,Bangalore,Karnataka,21,1999.0,0,41979.0,25179.0
2023-11-26,P005,Mechanical Keyboard,Peripherals,Mumbai,Maharashtra,21,8999.0,0,188979.0,94479.0
2023-11-26,P006,Monitor 27inch 4K,Electronics,Ahmedabad,Gujarat,12,34999.0,0,419988.0,131988.0
2023-11-26,P007,Gaming Mouse RGB,Peripherals,Kolkata,West Bengal,16,2999.0,0,47984.0,28784.0
2023-11-26,P008,Laptop Stand Aluminum,Accessories,Chennai,Tamil Nadu,28,1499.0,0,41972.0,25172.0
2023-11-27,P001,Laptop Pro X1,Electronics,Ahmedabad,Gujarat,14,74999.0,0,1049986.0,321986.0
2023-11-27,P002,Smart Watch S3,Wearables,Bangalore,Karnataka,14,21249.15,15,297488.1,87488.1
2023-11-27,P003,Wireless Earbuds,Audio,Chennai,Tamil Nadu,16,4749.05,5,75984.8,35984.8
2023-11-27,P004,USB-C Hub 7-in-1,Accessories,Kolkata,West Bengal,10,1999.0,0,19990.0,11990.0
2023-11-27,P005,Mechanical Keyboard,Peripherals,Mumbai,Maharashtra,12,8999.0,0,107988.0,53988.0
2023-11-27,P006,Monitor 27inch 4K,Electronics,Kolkata,West Bengal,7,29749.15,15,208244.05,40244.05
2023-11-27,P007,Gaming Mouse RGB,Peripherals,Bangalore,Karnataka,14,2699.1,10,37787.4,20987.4
2023-11-27,P008,Laptop Stand Aluminum,Accessories,Chennai,Tamil Nadu,19,1424.05,5,27056.95,15656.95
2023-11-28,P001,Laptop Pro X1,Electronics,Ahmedabad,Gujarat,16,63749.15,15,1019986.4,187986.4
2023-11-28,P002,Smart Watch S3,Wearables,Hyderabad,Telangana,10,24999.0,0,249990.0,99990.0
2023-11-28,P003,Wireless Earbuds,Audio,Delhi,Delhi,18,4249.15,15,76484.7,31484.7
2023-11-28,P004,USB-C Hub 7-in-1,Accessories,Mumbai,Maharashtra,10,1699.15,15,16991.5,8991.5
2023-11-28,P005,Mechanical Keyboard,Peripherals,Bangalore,Karnataka,14,8999.0,0,125986.0,62986.0
2023-11-28,P006,Monitor 27inch 4K,Electronics,Kolkata,West Bengal,16,29749.15,15,475986.4,91986.4
2023-11-28,P007,Gaming Mouse RGB,Peripherals,Hyderabad,Telangana,10,2999.0,0,29990.0,17990.0
2023-11-28,P008,Laptop Stand Aluminum,Accessories,Pune,Maharashtra,18,1499.0,0,26982.0,16182.0
2023-11-29,P001,Laptop Pro X1,Electronics,Chennai,Tamil Nadu,10,74999.0,0,749990.0,229990.0
2023-11-29,P002,Smart Watch S3,Wearables,Chennai,Tamil Nadu,10,21249.15,15,212491.5,62491.5
2023-11-29,P003,Wireless Earbuds,Audio,Ahmedabad,Gujarat,14,4999.0,0,69986.0,34986.0
2023-11-29,P004,USB-C Hub 7-in-1,Accessories,Mumbai,Maharashtra,10,1999.0,0,19990.0,11990.0
2023-11-29,P005,Mechanical Keyboard,Peripherals,Hyderabad,Telangana,14,8099.1,10,113387.4,50387.4
2023-11-29,P006,Monitor 27inch 4K,Electronics,Bangalore,Karnataka,12,33249.05,5,398988.6,110988.6
2023-11-29,P007,Gaming Mouse RGB,Peripherals,Chennai,Tamil Nadu,10,2999.0,0,29990.0,17990.0
2023-11-29,P008,Laptop Stand Aluminum,Accessories,Mumbai,Maharashtra,7,1349.1,10,9443.7,5243.7
2023-11-30,P001,Laptop Pro X1,Electronics,Kolkata,West Bengal,19,63749.15,15,1211233.85,223233.85
2023-11-30,P002,Smart Watch S3,Wearables,Delhi,Delhi,14,24999.0,0,349986.0,139986.0
2023-11-30,P003,Wireless Earbuds,Audio,Bangalore,Karnataka,5,4999.0,0,24995.0,12495.0
2023-11-30,P004,USB-C Hub 7-in-1,Accessories,Delhi,Delhi,18,1899.05,5,34182.9,19782.9
2023-11-30,P005,Mechanical Keyboard,Peripherals,Bangalore,Karnataka,9,7649.15,15,68842.35,28342.35
2023-11-30,P006,Monitor 27inch 4K,Electronics,Pune,Maharashtra,14,29749.15,15,416488.1,80488.1
2023-11-30,P007,Gaming Mouse RGB,Peripherals,Mumbai,Maharashtra,16,2999.0,0,47984.0,28784.0
2023-11-30,P008,Laptop Stand Aluminum,Accessories,Pune,Maharashtra,7,1274.15,15,8919.05,4719.05
2023-12-01,P001,Laptop Pro X1,Electronics,Delhi,Delhi,10,63749.15,15,637491.5,117491.5
2023-12-01,P002,Smart Watch S3,Wearables,Bangalore,Karnataka,13,24999.0,0,324987.0,129987.0
2023-12-01,P003,Wireless Earbuds,Audio,Kolkata,West Bengal,8,4999.0,0,39992.0,19992.0
2023-12-01,P004,USB-C Hub 7-in-1,Accessories,Pune,Maharashtra,11,1799.1,10,19790.1,10990.1
2023-12-01,P005,Mechanical Keyboard,Peripherals,Pune,Maharashtra,9,8549.05,5,76941.45,36441.45
2023-12-01,P006,Monitor 27inch 4K,Electronics,Chennai,Tamil Nadu,15,34999.0,0,524985.0,164985.0
2023-12-01,P007,Gaming Mouse RGB,Peripherals,Ahmedabad,Gujarat,5,2999.0,0,14995.0,8995.0
2023-12-01,P008,Laptop Stand Aluminum,Accessories,Delhi,Delhi,9,1499.0,0,13491.0,8091.0
2023-12-02,P001,Laptop Pro X1,Electronics,Mumbai,Maharashtra,15,71249.05,5,1068735.75,288735.75
2023-12-02,P002,Smart Watch S3,Wearables,Kolkata,West Bengal,12,22499.1,10,269989.2,89989.2
2023-12-02,P003,Wireless Earbuds,Audio,Hyderabad,Telangana,11,4499.1,10,49490.1,21990.1
2023-12-02,P004,USB-C Hub 7-in-1,Accessories,Kolkata,West Bengal,9,1999.0,0,17991.0,10791.0
2023-12-02,P005,Mechanical Keyboard,Peripherals,Delhi,Delhi,7,8099.1,10,56693.7,25193.7
2023-12-02,P006,Monitor 27inch 4K,Electronics,Pune,Maharashtra,11,34999.0,0,384989.0,120989.0
2023-12-02,P007,Gaming Mouse RGB,Peripherals,Kolkata,West Bengal,11,2999.0,0,32989.0,19789.0
2023-12-02,P008,Laptop Stand Aluminum,Accessories,Delhi,Delhi,11,1499.0,0,16489.0,9889.0
2023-12-03,P001,Laptop Pro X1,Electronics,Delhi,Delhi,7,71249.05,5,498743.35,134743.35
2023-12-03,P002,Smart Watch S3,Wearables,Hyderabad,Telangana,11,24999.0,0,274989.0,109989.0
2023-12-03,P003,Wireless Earbuds,Audio,Pune,Maharashtra,12,4749.05,5,56988.6,26988.6
2023-12-03,P004,USB-C Hub 7-in-1,Accessories,Mumbai,Maharashtra,16,1699.15,15,27186.4,14386.4
2023-12-03,P005,Mechanical Keyboard,Peripherals,Ahmedabad,Gujarat,8,7649.15,15,61193.2,25193.2
2023-12-03,P006,Monitor 27inch 4K,Electronics,Delhi,Delhi,11,34999.0,0,384989.0,120989.0
2023-12-03,P007,Gaming Mouse RGB,Peripherals,Pune,Maharashtra,7,2699.1,10,18893.7,10493.7
2023-12-03,P008,Laptop Stand Aluminum,Accessories,Chennai,Tamil Nadu,9,1499.0,0,13491.0,8091.0
2023-12-04,P001,Laptop Pro X1,Electronics,Bangalore,Karnataka,14,63749.15,15,892488.1,164488.1
2023-12-04,P002,Smart Watch S3,Wearables,Ahmedabad,Gujarat,6,24999.0,0,149994.0,59994.0
2023-12-04,P003,Wireless Earbuds,Audio,Kolkata,West Bengal,16,4499.1,10,71985.6,31985.6
2023-12-04,P004,USB-C Hub 7-in-1,Accessories,Delhi,Delhi,12,1799.1,10,21589.2,11989.2
2023-12-04,P005,Mechanical Keyboard,Peripherals,Hyderabad,Telangana,5,8999.0,0,44995.0,22495.0
2023-12-04,P006,Monitor 27inch 4K,Electronics,Ahmedabad,Gujarat,4,29749.15,15,118996.6,22996.6
2023-12-04,P007,Gaming Mouse RGB,Peripherals,Pune,Maharashtra,5,2999.0,0,14995.0,8995.0
2023-12-04,P008,Laptop Stand Aluminum,Accessories,Bangalore,Karnataka,5,1349.1,10,6745.5,3745.5
2023-12-05,P001,Laptop Pro X1,Electronics,Bangalore,Karnataka,6,74999.0,0,449994.0,137994.0
2023-12-05,P002,Smart Watch S3,Wearables,Delhi,Delhi,10,24999.0,0,249990.0,99990.0
2023-12-05,P003,Wireless Earbuds,Audio,Mumbai,Maharashtra,12,4999.0,0,59988.0,29988.0
2023-12-05,P004,USB-C Hub 7-in-1,Accessories,Bangalore,Karnataka,5,1899.05,5,9495.25,5495.25
2023-12-05,P005,Mechanical Keyboard,Peripherals,Chennai,Tamil Nadu,9,8999.0,0,80991.0,40491.0
2023-12-05,P006,Monitor 27inch 4K,Electronics,Mumbai,Maharashtra,9,31499.1,10,283491.9,67491.9
2023-12-05,P007,Gaming Mouse RGB,Peripherals,Ahmedabad,Gujarat,13,2549.15,15,33138.95,17538.95
2023-12-05,P008,Laptop Stand Aluminum,Accessories,Kolkata,West Bengal,7,1349.1,10,9443.7,5243.7
2023-12-06,P001,Laptop Pro X1,Electronics,Hyderabad,Telangana,7,74999.0,0,524993.0,160993.0
2023-12-06,P002,Smart Watch S3,Wearables,Pune,Maharashtra,7,24999.0,0,174993.0,69993.0
2023-12-06,P003,Wireless Earbuds,Audio,Bangalore,Karnataka,6,4999.0,0,29994.0,14994.0
2023-12-06,P004,USB-C Hub 7-in-1,Accessories,Chennai,Tamil Nadu,12,1699.15,15,20389.8,10789.8
2023-12-06,P005,Mechanical Keyboard,Peripherals,Kolkata,West Bengal,8,8999.0,0,71992.0,35992.0
2023-12-06,P006,Monitor 27inch 4K,Electronics,Kolkata,West Bengal,7,29749.15,15,208244.05,40244.05
2023-12-06,P007,Gaming Mouse RGB,Peripherals,Mumbai,Maharashtra,11,2999.0,0,32989.0,19789.0
2023-12-06,P008,Laptop Stand Aluminum,Accessories,Ahmedabad,Gujarat,14,1499.0,0,20986.0,12586.0
2023-12-07,P001,Laptop Pro X1,Electronics,Mumbai,Maharashtra,5,67499.1,10,337495.5,77495.5
2023-12-07,P002,Smart Watch S3,Wearables,Hyderabad,Telangana,6,22499.1,10,134994.6,44994.6
2023-12-07,P003,Wireless Earbuds,Audio,Mumbai,Maharashtra,5,4249.15,15,21245.75,8745.75
2023-12-07,P004,USB-C Hub 7-in-1,Accessories,Bangalore,Karnataka,7,1999.0,0,13993.0,8393.0
2023-12-07,P005,Mechanical Keyboard,Peripherals,Bangalore,Karnataka,7,8999.0,0,62993.0,31493.0
2023-12-07,P006,Monitor 27inch 4K,Electronics,Bangalore,Karnataka,7,34999.0,0,244993.0,76993.0
2023-12-07,P007,Gaming Mouse RGB,Peripherals,Chennai,Tamil Nadu,9,2699.1,10,24291.9,13491.9
2023-12-07,P008,Laptop Stand Aluminum,Accessories,Ahmedabad,Gujarat,7,1499.0,0,10493.0,6293.0
2023-12-08,P001,Laptop Pro X1,Electronics,Chennai,Tamil Nadu,12,67499.1,10,809989.2,185989.2
2023-12-08,P002,Smart Watch S3,Wearables,Chennai,Tamil Nadu,7,22499.1,10,157493.7,52493.7
2023-12-08,P003,Wireless Earbuds,Audio,Delhi,Delhi,14,4499.1,10,62987.4,27987.4
2023-12-08,P004,USB-C Hub 7-in-1,Accessories,Ahmedabad,Gujarat,5,1699.15,15,8495.75,4495.75
2023-12-08,P005,Mechanical Keyboard,Peripherals,Bangalore,Karnataka,5,7649.15,15,38245.75,15745.75
2023-12-08,P006,Monitor 27inch 4K,Electronics,Pune,Maharashtra,7,29749.15,15,208244.05,40244.05
2023-12-08,P007,Gaming Mouse RGB,Peripherals,Kolkata,West Bengal,8,2549.15,15,20393.2,10793.2
2023-12-08,P008,Laptop Stand Aluminum,Accessories,Ahmedabad,Gujarat,6,1499.0,0,8994.0,5394.0
2023-12-09,P001,Laptop Pro X1,Electronics,Delhi,Delhi,12,74999.0,0,899988.0,275988.0
2023-12-09,P002,Smart Watch S3,Wearables,Ahmedabad,Gujarat,11,22499.1,10,247490.1,82490.1
2023-12-09,P003,Wireless Earbuds,Audio,Pune,Maharashtra,7,4249.15,15,29744.05,12244.05
2023-12-09,P004,USB-C Hub 7-in-1,Accessories,Delhi,Delhi,11,1799.1,10,19790.1,10990.1
2023-12-09,P005,Mechanical Keyboard,Peripherals,Kolkata,West Bengal,9,8999.0,0,80991.0,40491.0
2023-12-09,P006,Monitor 27inch 4K,Electronics,Pune,Maharashtra,22,31499.1,10,692980.2,164980.2
2023-12-09,P007,Gaming Mouse RGB,Peripherals,Pune,Maharashtra,11,2999.0,0,32989.0,19789.0
2023-12-09,P008,Laptop Stand Aluminum,Accessories,Ahmedabad,Gujarat,9,1274.15,15,11467.35,6067.35
2023-12-10,P001,Laptop Pro X1,Electronics,Ahmedabad,Gujarat,8,63749.15,15,509993.2,93993.2
2023-12-10,P002,Smart Watch S3,Wearables,Pune,Maharashtra,16,22499.1,10,359985.6,119985.6
2023-12-10,P003,Wireless Earbuds,Audio,Chennai,Tamil Nadu,4,4499.1,10,17996.4,7996.4
2023-12-10,P004,USB-C Hub 7-in-1,Accessories,Chennai,Tamil Nadu,7,1899.05,5,13293.35,7693.35
2023-12-10,P005,Mechanical Keyboard,Peripherals,Hyderabad,Telangana,8,8999.0,0,71992.0,35992.0
2023-12-10,P006,Monitor 27inch 4K,Electronics,Kolkata,West Bengal,15,33249.05,5,498735.75,138735.75
2023-12-10,P007,Gaming Mouse RGB,Peripherals,Ahmedabad,Gujarat,8,2999.0,0,23992.0,14392.0
2023-12-10,P008,Laptop Stand Aluminum,Accessories,Mumbai,Maharashtra,8,1499.0,0,11992.0,7192.0
2023-12-11,P001,Laptop Pro X1,Electronics,Mumbai,Maharashtra,5,67499.1,10,337495.5,77495.5
2023-12-11,P002,Smart Watch S3,Wearables,Delhi,Delhi,6,24999.0,0,149994.0,59994.0
2023-12-11,P003,Wireless Earbuds,Audio,Mumbai,Maharashtra,9,4999.0,0,44991.0,22491.0
2023-12-11,P004,USB-C Hub 7-in-1,Accessories,Chennai,Tamil Nadu,5,1999.0,0,9995.0,5995.0
2023-12-11,P005,Mechanical Keyboard,Peripherals,Pune,Maharashtra,8,8999.0,0,71992.0,35992.0
2023-12-11,P006,Monitor 27inch 4K,Electronics,Hyderabad,Telangana,9,31499.1,10,283491.9,67491.9
2023-12-11,P007,Gaming Mouse RGB,Peripherals,Delhi,Delhi,6,2999.0,0,17994.0,10794.0
2023-12-11,P008,Laptop Stand Aluminum,Accessories,Mumbai,Maharashtra,8,1424.05,5,11392.4,6592.4
2023-12-12,P001,Laptop Pro X1,Electronics,Pune,Maharashtra,9,74999.0,0,674991.0,206991.0
2023-12-12,P002,Smart Watch S3,Wearables,Delhi,Delhi,9,24999.0,0,224991.0,89991.0
2023-12-12,P003,Wireless Earbuds,Audio,Pune,Maharashtra,4,4499.1,10,17996.4,7996.4
2023-12-12,P004,USB-C Hub 7-in-1,Accessories,Chennai,Tamil Nadu,8,1999.0,0,15992.0,9592.0
2023-12-12,P005,Mechanical Keyboard,Peripherals,Hyderabad,Telangana,9,8999.0,0,80991.0,40491.0
2023-12-12,P006,Monitor 27inch 4K,Electronics,Bangalore,Karnataka,9,31499.1,10,283491.9,67491.9
2023-12-12,P007,Gaming Mouse RGB,Peripherals,Ahmedabad,Gujarat,4,2699.1,10,10796.4,5996.4
2023-12-12,P008,Laptop Stand Aluminum,Accessories,Chennai,Tamil Nadu,7,1274.15,15,8919.05,4719.05
2023-12-13,P001,Laptop Pro X1,Electronics,Bangalore,Karnataka,8,63749.15,15,509993.2,93993.2
2023-12-13,P002,Smart Watch S3,Wearables,Pune,Maharashtra,10,23749.05,5,237490.5,87490.5
2023-12-13,P003,Wireless Earbuds,Audio,Delhi,Delhi,6,4749.05,5,28494.3,13494.3
2023-12-13,P004,USB-C Hub 7-in-1,Accessories,Bangalore,Karnataka,6,1799.1,10,10794.6,5994.6
2023-12-13,P005,Mechanical Keyboard,Peripherals,Hyderabad,Telangana,7,8999.0,0,62993.0,31493.0
2023-12-13,P006,Monitor 27inch 4K,Electronics,Ahmedabad,Gujarat,8,34999.0,0,279992.0,87992.0
2023-12-13,P007,Gaming Mouse RGB,Peripherals,Mumbai,Maharashtra,9,2999.0,0,26991.0,16191.0
2023-12-13,P008,Laptop Stand Aluminum,Accessories,Pune,Maharashtra,15,1424.05,5,21360.75,12360.75
2023-12-14,P001,Laptop Pro X1,Electronics,Ahmedabad,Gujarat,8,74999.0,0,599992.0,183992.0
2023-12-14,P002,Smart Watch S3,Wearables,Chennai,Tamil Nadu,5,21249.15,15,106245.75,31245.75
2023-12-14,P003,Wireless Earbuds,Audio,Mumbai,Maharashtra,6,4249.15,15,25494.9,10494.9
2023-12-14,P004,USB-C Hub 7-in-1,Accessories,Ahmedabad,Gujarat,12,1999.0,0,23988.0,14388.0
2023-12-14,P005,Mechanical Keyboard,Peripherals,Hyderabad,Telangana,10,8099.1,10,80991.0,35991.0
2023-12-14,P006,Monitor 27inch 4K,Electronics,Mumbai,Maharashtra,4,34999.0,0,139996.0,43996.0
2023-12-14,P007,Gaming Mouse RGB,Peripherals,Delhi,Delhi,5,2999.0,0,14995.0,8995.0
2023-12-14,P008,Laptop Stand Aluminum,Accessories,Chennai,Tamil Nadu,14,1499.0,0,20986.0,12586.0
2023-12-15,P001,Laptop Pro X1,Electronics,Mumbai,Maharashtra,5,63749.15,15,318745.75,58745.75
2023-12-15,P002,Smart Watch S3,Wearables,Ahmedabad,Gujarat,15,23749.05,5,356235.75,131235.75
2023-12-15,P003,Wireless Earbuds,Audio,Bangalore,Karnataka,7,4999.0,0,34993.0,17493.0
2023-12-15,P004,USB-C Hub 7-in-1,Accessories,Ahmedabad,Gujarat,8,1999.0,0,15992.0,9592.0
2023-12-15,P005,Mechanical Keyboard,Peripherals,Ahmedabad,Gujarat,5,8999.0,0,44995.0,22495.0
2023-12-15,P006,Monitor 27inch 4K,Electronics,Delhi,Delhi,6,34999.0,0,209994.0,65994.0
2023-12-15,P007,Gaming Mouse RGB,Peripherals,Bangalore,Karnataka,13,2849.05,5,37037.65,21437.65
2023-12-15,P008,Laptop Stand Aluminum,Accessories,Mumbai,Maharashtra,10,1349.1,10,13491.0,7491.0
2023-12-16,P001,Laptop Pro X1,Electronics,Ahmedabad,Gujarat,7,74999.0,0,524993.0,160993.0
2023-12-16,P002,Smart Watch S3,Wearables,Bangalore,Karnataka,15,23749.05,5,356235.75,131235.75
2023-12-16,P003,Wireless Earbuds,Audio,Ahmedabad,Gujarat,8,4249.15,15,33993.2,13993.2
2023-12-16,P004,USB-C Hub 7-in-1,Accessories,Delhi,Delhi,14,1999.0,0,27986.0,16786.0
2023-12-16,P005,Mechanical Keyboard,Peripherals,Kolkata,West Bengal,5,8099.1,10,40495.5,17995.5
2023-12-16,P006,Monitor 27inch 4K,Electronics,Chennai,Tamil Nadu,8,33249.05,5,265992.4,73992.4
2023-12-16,P007,Gaming Mouse RGB,Peripherals,Ahmedabad,Gujarat,12,2549.15,15,30589.8,16189.8
2023-12-16,P008,Laptop Stand Aluminum,Accessories,Chennai,Tamil Nadu,14,1349.1,10,18887.4,10487.4
2023-12-17,P001,Laptop Pro X1,Electronics,Chennai,Tamil Nadu,8,74999.0,0,599992.0,183992.0
2023-12-17,P002,Smart Watch S3,Wearables,Bangalore,Karnataka,8,24999.0,0,199992.0,79992.0
2023-12-17,P003,Wireless Earbuds,Audio,Ahmedabad,Gujarat,4,4999.0,0,19996.0,9996.0
2023-12-17,P004,USB-C Hub 7-in-1,Accessories,Bangalore,Karnataka,18,1999.0,0,35982.0,21582.0
2023-12-17,P005,Mechanical Keyboard,Peripherals,Ahmedabad,Gujarat,14,8549.05,5,119686.7,56686.7
2023-12-17,P006,Monitor 27inch 4K,Electronics,Pune,Maharashtra,11,34999.0,0,384989.0,120989.0
2023-12-17,P007,Gaming Mouse RGB,Peripherals,Chennai,Tamil Nadu,19,2999.0,0,56981.0,34181.0
2023-12-17,P008,Laptop Stand Aluminum,Accessories,Pune,Maharashtra,9,1349.1,10,12141.9,6741.9
2023-12-18,P001,Laptop Pro X1,Electronics,Mumbai,Maharashtra,12,74999.0,0,899988.0,275988.0
2023-12-18,P002,Smart Watch S3,Wearables,Delhi,Delhi,9,24999.0,0,224991.0,89991.0
2023-12-18,P003,Wireless Earbuds,Audio,Kolkata,West Bengal,12,4499.1,10,53989.2,23989.2
2023-12-18,P004,USB-C Hub 7-in-1,Accessories,Delhi,Delhi,3,1899.05,5,5697.15,3297.15
2023-12-18,P005,Mechanical Keyboard,Peripherals,Mumbai,Maharashtra,7,8999.0,0,62993.0,31493.0
2023-12-18,P006,Monitor 27inch 4K,Electronics,Chennai,Tamil Nadu,7,29749.15,15,208244.05,40244.05
2023-12-18,P007,Gaming Mouse RGB,Peripherals,Pune,Maharashtra,8,2999.0,0,23992.0,14392.0
2023-12-18,P008,Laptop Stand Aluminum,Accessories,Bangalore,Karnataka,8,1499.0,0,11992.0,7192.0
2023-12-19,P001,Laptop Pro X1,Electronics,Mumbai,Maharashtra,9,74999.0,0,674991.0,206991.0
2023-12-19,P002,Smart Watch S3,Wearables,Delhi,Delhi,7,24999.0,0,174993.0,69993.0
2023-12-19,P003,Wireless Earbuds,Audio,Mumbai,Maharashtra,4,4999.0,0,19996.0,9996.0
2023-12-19,P004,USB-C Hub 7-in-1,Accessories,Bangalore,Karnataka,9,1999.0,0,17991.0,10791.0
2023-12-19,P005,Mechanical Keyboard,Peripherals,Kolkata,West Bengal,12,8549.05,5,102588.6,48588.6
2023-12-19,P006,Monitor 27inch 4K,Electronics,Mumbai,Maharashtra,7,34999.0,0,244993.0,76993.0
2023-12-19,P007,Gaming Mouse RGB,Peripherals,Chennai,Tamil Nadu,9,2549.15,15,22942.35,12142.35
2023-12-19,P008,Laptop Stand Aluminum,Accessories,Chennai,Tamil Nadu,7,1499.0,0,10493.0,6293.0
2023-12-20,P001,Laptop Pro X1,Electronics,Hyderabad,Telangana,11,67499.1,10,742490.1,170490.1
2023-12-20,P002,Smart Watch S3,Wearables,Kolkata,West Bengal,8,22499.1,10,179992.8,59992.8
2023-12-20,P003,Wireless Earbuds,Audio,Delhi,Delhi,8,4249.15,15,33993.2,13993.2
2023-12-20,P004,USB-C Hub 7-in-1,Accessories,Mumbai,Maharashtra,9,1899.05,5,17091.45,9891.45
2023-12-20,P005,Mechanical Keyboard,Peripherals,Mumbai,Maharashtra,3,8999.0,0,26997.0,13497.0
2023-12-20,P006,Monitor 27inch 4K,Electronics,Delhi,Delhi,8,34999.0,0,279992.0,87992.0
2023-12-20,P007,Gaming Mouse RGB,Peripherals,Hyderabad,Telangana,9,2999.0,0,26991.0,16191.0
2023-12-20,P008,Laptop Stand Aluminum,Accessories,Hyderabad,Telangana,6,1499.0,0,8994.0,5394.0
2023-12-21,P001,Laptop Pro X1,Electronics,Kolkata,West Bengal,9,63749.15,15,573742.35,105742.35
2023-12-21,P002,Smart Watch S3,Wearables,Mumbai,Maharashtra,7,24999.0,0,174993.0,69993.0
2023-12-21,P003,Wireless Earbuds,Audio,Ahmedabad,Gujarat,8,4249.15,15,33993.2,13993.2
2023-12-21,P004,USB-C Hub 7-in-1,Accessories,Hyderabad,Telangana,8,1699.15,15,13593.2,7193.2
2023-12-21,P005,Mechanical Keyboard,Peripherals,Pune,Maharashtra,9,8999.0,0,80991.0,40491.0
2023-12-21,P006,Monitor 27inch 4K,Electronics,Mumbai,Maharashtra,9,34999.0,0,314991.0,98991.0
2023-12-21,P007,Gaming Mouse RGB,Peripherals,Ahmedabad,Gujarat,8,2999.0,0,23992.0,14392.0
2023-12-21,P008,Laptop Stand Aluminum,Accessories,Ahmedabad,Gujarat,8,1349.1,10,10792.8,5992.8
2023-12-22,P001,Laptop Pro X1,Electronics,Bangalore,Karnataka,8,74999.0,0,599992.0,183992.0
2023-12-22,P002,Smart Watch S3,Wearables,Kolkata,West Bengal,7,22499.1,10,157493.7,52493.7
2023-12-22,P003,Wireless Earbuds,Audio,Bangalore,Karnataka,9,4999.0,0,44991.0,22491.0
2023-12-22,P004,USB-C Hub 7-in-1,Accessories,Chennai,Tamil Nadu,6,1799.1,10,10794.6,5994.6
2023-12-22,P005,Mechanical Keyboard,Peripherals,Kolkata,West Bengal,6,8099.1,10,48594.6,21594.6
2023-12-22,P006,Monitor 27inch 4K,Electronics,Mumbai,Maharashtra,6,34999.0,0,209994.0,65994.0
2023-12-22,P007,Gaming Mouse RGB,Peripherals,Chennai,Tamil Nadu,7,2699.1,10,18893.7,10493.7
2023-12-22,P008,Laptop Stand Aluminum,Accessories,Hyderabad,Telangana,8,1499.0,0,11992.0,7192.0
2023-12-23,P001,Laptop Pro X1,Electronics,Kolkata,West Bengal,14,71249.05,5,997486.7,269486.7
2023-12-23,P002,Smart Watch S3,Wearables,Delhi,Delhi,12,24999.0,0,299988.0,119988.0
2023-12-23,P003,Wireless Earbuds,Audio,Pune,Maharashtra,11,4249.15,15,46740.65,19240.65
2023-12-23,P004,USB-C Hub 7-in-1,Accessories,Pune,Maharashtra,11,1999.0,0,21989.0,13189.0
2023-12-23,P005,Mechanical Keyboard,Peripherals,Hyderabad,Telangana,4,8999.0,0,35996.0,17996.0
2023-12-23,P006,Monitor 27inch 4K,Electronics,Hyderabad,Telangana,12,34999.0,0,419988.0,131988.0
2023-12-23,P007,Gaming Mouse RGB,Peripherals,Hyderabad,Telangana,15,2849.05,5,42735.75,24735.75
2023-12-23,P008,Laptop Stand Aluminum,Accessories,Mumbai,Maharashtra,16,1349.1,10,21585.6,11985.6
2023-12-24,P001,Laptop Pro X1,Electronics,Hyderabad,Telangana,7,74999.0,0,524993.0,160993.0
2023-12-24,P002,Smart Watch S3,Wearables,Delhi,Delhi,11,24999.0,0,274989.0,109989.0
2023-12-24,P003,Wireless Earbuds,Audio,Ahmedabad,Gujarat,15,4249.15,15,63737.25,26237.25
2023-12-24,P004,USB-C Hub 7-in-1,Accessories,Delhi,Delhi,16,1999.0,0,31984.0,19184.0
2023-12-24,P005,Mechanical Keyboard,Peripherals,Ahmedabad,Gujarat,1,8099.1,10,8099.1,3599.1
2023-12-24,P006,Monitor 27inch 4K,Electronics,Chennai,Tamil Nadu,9,33249.05,5,299241.45,83241.45
2023-12-24,P007,Gaming Mouse RGB,Peripherals,Chennai,Tamil Nadu,16,2699.1,10,43185.6,23985.6
2023-12-24,P008,Laptop Stand Aluminum,Accessories,Delhi,Delhi,7,1424.05,5,9968.35,5768.35
2023-12-25,P001,Laptop Pro X1,Electronics,Hyderabad,Telangana,7,67499.1,10,472493.7,108493.7
2023-12-25,P002,Smart Watch S3,Wearables,Pune,Maharashtra,6,23749.05,5,142494.3,52494.3
2023-12-25,P003,Wireless Earbuds,Audio,Delhi,Delhi,8,4999.0,0,39992.0,19992.0
2023-12-25,P004,USB-C Hub 7-in-1,Accessories,Delhi,Delhi,12,1799.1,10,21589.2,11989.2
2023-12-25,P005,Mechanical Keyboard,Peripherals,Chennai,Tamil Nadu,9,8999.0,0,80991.0,40491.0
2023-12-25,P006,Monitor 27inch 4K,Electronics,Hyderabad,Telangana,12,29749.15,15,356989.8,68989.8
2023-12-25,P007,Gaming Mouse RGB,Peripherals,Delhi,Delhi,8,2849.05,5,22792.4,13192.4
2023-12-25,P008,Laptop Stand Aluminum,Accessories,Delhi,Delhi,8,1274.15,15,10193.2,5393.2
2023-12-26,P001,Laptop Pro X1,Electronics,Delhi,Delhi,14,74999.0,0,1049986.0,321986.0
2023-12-26,P002,Smart Watch S3,Wearables,Bangalore,Karnataka,9,22499.1,10,202491.9,67491.9
2023-12-26,P003,Wireless Earbuds,Audio,Bangalore,Karnataka,8,4999.0,0,39992.0,19992.0
2023-12-26,P004,USB-C Hub 7-in-1,Accessories,Pune,Maharashtra,5,1999.0,0,9995.0,5995.0
2023-12-26,P005,Mechanical Keyboard,Peripherals,Mumbai,Maharashtra,1,8999.0,0,8999.0,4499.0
2023-12-26,P006,Monitor 27inch 4K,Electronics,Ahmedabad,Gujarat,6,33249.05,5,199494.3,55494.3
2023-12-26,P007,Gaming Mouse RGB,Peripherals,Hyderabad,Telangana,7,2849.05,5,19943.35,11543.35
2023-12-26,P008,Laptop Stand Aluminum,Accessories,Hyderabad,Telangana,8,1499.0,0,11992.0,7192.0
2023-12-27,P001,Laptop Pro X1,Electronics,Chennai,Tamil Nadu,5,74999.0,0,374995.0,114995.0
2023-12-27,P002,Smart Watch S3,Wearables,Delhi,Delhi,8,24999.0,0,199992.0,79992.0
2023-12-27,P003,Wireless Earbuds,Audio,Mumbai,Maharashtra,5,4499.1,10,22495.5,9995.5
2023-12-27,P004,USB-C Hub 7-in-1,Accessories,Hyderabad,Telangana,6,1799.1,10,10794.6,5994.6
2023-12-27,P005,Mechanical Keyboard,Peripherals,Chennai,Tamil Nadu,14,8099.1,10,113387.4,50387.4
2023-12-27,P006,Monitor 27inch 4K,Electronics,Chennai,Tamil Nadu,5,34999.0,0,174995.0,54995.0
2023-12-27,P007,Gaming Mouse RGB,Peripherals,Mumbai,Maharashtra,4,2999.0,0,11996.0,7196.0
2023-12-27,P008,Laptop Stand Aluminum,Accessories,Bangalore,Karnataka,12,1274.15,15,15289.8,8089.8
2023-12-28,P001,Laptop Pro X1,Electronics,Kolkata,West Bengal,6,74999.0,0,449994.0,137994.0
2023-12-28,P002,Smart Watch S3,Wearables,Kolkata,West Bengal,8,21249.15,15,169993.2,49993.2
2023-12-28,P003,Wireless Earbuds,Audio,Pune,Maharashtra,7,4999.0,0,34993.0,17493.0
2023-12-28,P004,USB-C Hub 7-in-1,Accessories,Ahmedabad,Gujarat,3,1899.05,5,5697.15,3297.15
2023-12-28,P005,Mechanical Keyboard,Peripherals,Kolkata,West Bengal,9,8999.0,0,80991.0,40491.0
2023-12-28,P006,Monitor 27inch 4K,Electronics,Delhi,Delhi,7,34999.0,0,244993.0,76993.0
2023-12-28,P007,Gaming Mouse RGB,Peripherals,Chennai,Tamil Nadu,7,2999.0,0,20993.0,12593.0
2023-12-28,P008,Laptop Stand Aluminum,Accessories,Ahmedabad,Gujarat,7,1499.0,0,10493.0,6293.0
2023-12-29,P001,Laptop Pro X1,Electronics,Hyderabad,Telangana,8,71249.05,5,569992.4,153992.4
2023-12-29,P002,Smart Watch S3,Wearables,Chennai,Tamil Nadu,9,21249.15,15,191242.35,56242.35
2023-12-29,P003,Wireless Earbuds,Audio,Chennai,Tamil Nadu,8,4999.0,0,39992.0,19992.0
2023-12-29,P004,USB-C Hub 7-in-1,Accessories,Bangalore,Karnataka,13,1999.0,0,25987.0,15587.0
2023-12-29,P005,Mechanical Keyboard,Peripherals,Kolkata,West Bengal,9,8099.1,10,72891.9,32391.9
2023-12-29,P006,Monitor 27inch 4K,Electronics,Kolkata,West Bengal,11,29749.15,15,327240.65,63240.65
2023-12-29,P007,Gaming Mouse RGB,Peripherals,Pune,Maharashtra,10,2849.05,5,28490.5,16490.5
2023-12-29,P008,Laptop Stand Aluminum,Accessories,Chennai,Tamil Nadu,6,1424.05,5,8544.3,4944.3
2023-12-30,P001,Laptop Pro X1,Electronics,Ahmedabad,Gujarat,5,74999.0,0,374995.0,114995.0
2023-12-30,P002,Smart Watch S3,Wearables,Ahmedabad,Gujarat,11,21249.15,15,233740.65,68740.65
2023-12-30,P003,Wireless Earbuds,Audio,Pune,Maharashtra,14,4749.05,5,66486.7,31486.7
2023-12-30,P004,USB-C Hub 7-in-1,Accessories,Mumbai,Maharashtra,5,1799.1,10,8995.5,4995.5
2023-12-30,P005,Mechanical Keyboard,Peripherals,Bangalore,Karnataka,15,8549.05,5,128235.75,60735.75
2023-12-30,P006,Monitor 27inch 4K,Electronics,Kolkata,West Bengal,15,34999.0,0,524985.0,164985.0
2023-12-30,P007,Gaming Mouse RGB,Peripherals,Chennai,Tamil Nadu,8,2699.1,10,21592.8,11992.8
2023-12-30,P008,Laptop Stand Aluminum,Accessories,Ahmedabad,Gujarat,7,1274.15,15,8919.05,4719.05
2023-12-31,P001,Laptop Pro X1,Electronics,Mumbai,Maharashtra,16,67499.1,10,1079985.6,247985.6
2023-12-31,P002,Smart Watch S3,Wearables,Ahmedabad,Gujarat,11,22499.1,10,247490.1,82490.1
2023-12-31,P003,Wireless Earbuds,Audio,Mumbai,Maharashtra,14,4999.0,0,69986.0,34986.0
2023-12-31,P004,USB-C Hub 7-in-1,Accessories,Hyderabad,Telangana,8,1899.05,5,15192.4,8792.4
2023-12-31,P005,Mechanical Keyboard,Peripherals,Ahmedabad,Gujarat,8,8999.0,0,71992.0,35992.0
2023-12-31,P006,Monitor 27inch 4K,Electronics,Hyderabad,Telangana,14,33249.05,5,465486.7,129486.7
2023-12-31,P007,Gaming Mouse RGB,Peripherals,Delhi,Delhi,7,2849.05,5,19943.35,11543.35
2023-12-31,P008,Laptop Stand Aluminum,Accessories,Hyderabad,Telangana,12,1349.1,10,16189.2,8989.2
